ox_code,src_code,population,country,location,site,contributor,contact,year,m_s,sex,n_sequences,mean_coverage,ebi_sample_acc,latitude,longitude,structure
AA0040-C,Twifo_Praso__E2,GHcol,Ghana,Twifo Praso,Twifo Praso,David Weetman,David Weetman,2012,M,F,95033368,30.99,ERS311878,5.60858,-1.54926,col
AA0041-C,Twifo_Praso__H3,GHcol,Ghana,Twifo Praso,Twifo Praso,David Weetman,David Weetman,2012,M,F,95843804,31.7,ERS311886,5.60858,-1.54926,col
AA0042-C,Takoradi_C7,GHcol,Ghana,Takoradi,Takoradi,David Weetman,David Weetman,2012,M,F,107420666,35.65,ERS311894,4.91217,-1.77397,col
AA0043-C,Takoradi_H8,GHcol,Ghana,Takoradi,Takoradi,David Weetman,David Weetman,2012,M,F,95993752,29.46,ERS311902,4.91217,-1.77397,col
AA0044-C,Takoradi_D10,GHcol,Ghana,Takoradi,Takoradi,David Weetman,David Weetman,2012,M,F,103044262,33.67,ERS311910,4.91217,-1.77397,col
AA0048-C,Madina_A1,GHgam,Ghana,Madina,Madina,David Weetman,David Weetman,2012,S,F,101183648,32.64,ERS311942,5.66849,-0.21928000000000009,gam
AA0049-C,Madina_E3,GHcol,Ghana,Madina,Madina,David Weetman,David Weetman,2012,M,F,106641272,32.84,ERS311950,5.66849,-0.21928000000000009,col
AA0050-C,Madina_E5,GHgam,Ghana,Madina,Madina,David Weetman,David Weetman,2012,S,F,93961924,29.82,ERS311958,5.66849,-0.21928000000000009,gam
AA0051-C,Twifo_Praso__C1,GHcol,Ghana,Twifo Praso,Twifo Praso,David Weetman,David Weetman,2012,M,F,99910300,33.33,ERS311871,5.60858,-1.54926,col
AA0052-C,Twifo_Praso__F2,GHcol,Ghana,Twifo Praso,Twifo Praso,David Weetman,David Weetman,2012,M,F,100899280,32.29,ERS311879,5.60858,-1.54926,col
AA0053-C,Twifo_Praso__A4,GHcol,Ghana,Twifo Praso,Twifo Praso,David Weetman,David Weetman,2012,M,F,104791234,34.14,ERS311887,5.60858,-1.54926,col
AA0054-C,Takoradi_E7,GHcol,Ghana,Takoradi,Takoradi,David Weetman,David Weetman,2012,M,F,94902576,30.38,ERS311895,4.91217,-1.77397,col
AA0055-C,Takoradi_B9,GHcol,Ghana,Takoradi,Takoradi,David Weetman,David Weetman,2012,M,F,95721108,30.93,ERS311903,4.91217,-1.77397,col
AA0056-C,Takoradi_G10,GHcol,Ghana,Takoradi,Takoradi,David Weetman,David Weetman,2012,M,F,102828780,31.52,ERS311911,4.91217,-1.77397,col
AA0060-C,Madina_C1,GHgam,Ghana,Madina,Madina,David Weetman,David Weetman,2012,S,F,90534918,29.46,ERS311943,5.66849,-0.21928000000000009,gam
AA0061-C,Madina_F3,GHgam,Ghana,Madina,Madina,David Weetman,David Weetman,2012,S,F,91137592,29.45,ERS311951,5.66849,-0.21928000000000009,gam
AA0063-C,Twifo_Praso__D1,GHcol,Ghana,Twifo Praso,Twifo Praso,David Weetman,David Weetman,2012,M,F,90062282,29.33,ERS311872,5.60858,-1.54926,col
AA0064-C,Twifo_Praso__G2,GHcol,Ghana,Twifo Praso,Twifo Praso,David Weetman,David Weetman,2012,M,F,100028190,31.61,ERS311880,5.60858,-1.54926,col
AA0066-C,Takoradi_G7,GHcol,Ghana,Takoradi,Takoradi,David Weetman,David Weetman,2012,M,F,86749914,27.43,ERS311896,4.91217,-1.77397,col
AA0067-C,Takoradi_C9,GHcol,Ghana,Takoradi,Takoradi,David Weetman,David Weetman,2012,M,F,101513748,32.58,ERS311904,4.91217,-1.77397,col
AA0068-C,Takoradi_H10,GHcol,Ghana,Takoradi,Takoradi,David Weetman,David Weetman,2012,M,F,97448404,31.42,ERS311912,4.91217,-1.77397,col
AA0072-C,Madina_F1,GHgam,Ghana,Madina,Madina,David Weetman,David Weetman,2012,S,F,97192268,29.31,ERS311944,5.66849,-0.21928000000000009,gam
AA0073-C,Madina_H3,GHcol,Ghana,Madina,Madina,David Weetman,David Weetman,2012,M,F,100703586,33.75,ERS311952,5.66849,-0.21928000000000009,col
AA0074-C,Madina_G5,GHcol,Ghana,Madina,Madina,David Weetman,David Weetman,2012,M,F,104975078,33.95,ERS311960,5.66849,-0.21928000000000009,col
AA0075-C,Twifo_Praso__F1,GHcol,Ghana,Twifo Praso,Twifo Praso,David Weetman,David Weetman,2012,M,F,98566392,31.67,ERS311873,5.60858,-1.54926,col
AA0076-C,Twifo_Praso__B3,GHcol,Ghana,Twifo Praso,Twifo Praso,David Weetman,David Weetman,2012,M,F,92182496,29.91,ERS311881,5.60858,-1.54926,col
AA0077-C,Twifo_Praso__C4,GHcol,Ghana,Twifo Praso,Twifo Praso,David Weetman,David Weetman,2012,M,F,89362286,27.69,ERS311889,5.60858,-1.54926,col
AA0080-C,Takoradi_A11,GHcol,Ghana,Takoradi,Takoradi,David Weetman,David Weetman,2012,M,F,102825240,31.97,ERS311913,4.91217,-1.77397,col
AA0084-C,Madina_A2,GHgam,Ghana,Madina,Madina,David Weetman,David Weetman,2012,S,F,104241714,34.36,ERS311945,5.66849,-0.21928000000000009,gam
AA0085-C,Madina_A4,GHgam,Ghana,Madina,Madina,David Weetman,David Weetman,2012,S,F,100752712,31.84,ERS311953,5.66849,-0.21928000000000009,gam
AA0086-C,Madina_H5,GHgam,Ghana,Madina,Madina,David Weetman,David Weetman,2012,S,F,101686586,33.05,ERS311961,5.66849,-0.21928000000000009,gam
AA0087-C,Twifo_Praso__H1,GHcol,Ghana,Twifo Praso,Twifo Praso,David Weetman,David Weetman,2012,M,F,100038300,32.0,ERS311874,5.60858,-1.54926,col
AA0088-C,Twifo_Praso__C3,GHcol,Ghana,Twifo Praso,Twifo Praso,David Weetman,David Weetman,2012,M,F,88706992,30.17,ERS311882,5.60858,-1.54926,col
AA0089-C,Twifo_Praso__D4,GHcol,Ghana,Twifo Praso,Twifo Praso,David Weetman,David Weetman,2012,M,F,94922152,30.8,ERS311890,5.60858,-1.54926,col
AA0090-C,Takoradi_D8,GHcol,Ghana,Takoradi,Takoradi,David Weetman,David Weetman,2012,M,F,106627612,34.43,ERS311898,4.91217,-1.77397,col
AA0091-C,Takoradi_G9,GHcol,Ghana,Takoradi,Takoradi,David Weetman,David Weetman,2012,M,F,102159544,33.61,ERS311906,4.91217,-1.77397,col
AA0096-C,Madina_H2,GHgam,Ghana,Madina,Madina,David Weetman,David Weetman,2012,S,F,91509044,29.27,ERS311946,5.66849,-0.21928000000000009,gam
AA0097-C,Madina_E4,GHcol,Ghana,Madina,Madina,David Weetman,David Weetman,2012,M,F,98143084,31.88,ERS311954,5.66849,-0.21928000000000009,col
AA0098-C,Madina_A6,GHcol,Ghana,Madina,Madina,David Weetman,David Weetman,2012,M,F,93843990,30.93,ERS311962,5.66849,-0.21928000000000009,col
AA0099-C,Twifo_Praso__A2,GHcol,Ghana,Twifo Praso,Twifo Praso,David Weetman,David Weetman,2012,M,F,102342614,32.62,ERS311875,5.60858,-1.54926,col
AA0100-C,Twifo_Praso__E3,GHcol,Ghana,Twifo Praso,Twifo Praso,David Weetman,David Weetman,2012,M,F,92821322,30.98,ERS311883,5.60858,-1.54926,col
AA0101-C,Twifo_Praso__E4,GHcol,Ghana,Twifo Praso,Twifo Praso,David Weetman,David Weetman,2012,M,F,96486012,30.22,ERS311891,5.60858,-1.54926,col
AA0102-C,Takoradi_E8,GHcol,Ghana,Takoradi,Takoradi,David Weetman,David Weetman,2012,M,F,93408120,29.73,ERS311899,4.91217,-1.77397,col
AA0103-C,Takoradi_H9,GHcol,Ghana,Takoradi,Takoradi,David Weetman,David Weetman,2012,M,F,102625356,33.23,ERS311907,4.91217,-1.77397,col
AA0104-C,Takoradi_E11,GHcol,Ghana,Takoradi,Takoradi,David Weetman,David Weetman,2012,M,F,95384196,31.18,ERS311915,4.91217,-1.77397,col
AA0107-C,Koforidua_D6,GHcol,Ghana,Koforidua,Koforidua,David Weetman,David Weetman,2012,M,F,122136766,40.69,ERS311939,6.09449,-0.26093,col
AA0108-C,Madina_A3,GHgam,Ghana,Madina,Madina,David Weetman,David Weetman,2012,S,F,85995648,27.85,ERS311947,5.66849,-0.21928000000000009,gam
AA0109-C,Madina_F4,GHcol,Ghana,Madina,Madina,David Weetman,David Weetman,2012,M,F,104581480,33.66,ERS311955,5.66849,-0.21928000000000009,col
AA0110-C,Madina_B6,GHcol,Ghana,Madina,Madina,David Weetman,David Weetman,2012,M,F,110193578,36.01,ERS311963,5.66849,-0.21928000000000009,col
AA0111-C,Twifo_Praso__B2,GHcol,Ghana,Twifo Praso,Twifo Praso,David Weetman,David Weetman,2012,M,F,104724732,34.2,ERS311876,5.60858,-1.54926,col
AA0113-C,Twifo_Praso__H4,GHcol,Ghana,Twifo Praso,Twifo Praso,David Weetman,David Weetman,2012,M,F,97363646,30.68,ERS311892,5.60858,-1.54926,col
AA0114-C,Takoradi_F8,GHcol,Ghana,Takoradi,Takoradi,David Weetman,David Weetman,2012,M,F,96762928,27.84,ERS311900,4.91217,-1.77397,col
AA0115-C,Takoradi_A10,GHcol,Ghana,Takoradi,Takoradi,David Weetman,David Weetman,2012,M,F,101554368,30.96,ERS311908,4.91217,-1.77397,col
AA0116-C,Takoradi_F11,GHcol,Ghana,Takoradi,Takoradi,David Weetman,David Weetman,2012,M,F,97608716,31.25,ERS311916,4.91217,-1.77397,col
AA0122-C,Madina_C6,GHgam,Ghana,Madina,Madina,David Weetman,David Weetman,2012,S,F,107165344,34.41,ERS311964,5.66849,-0.21928000000000009,gam
AA0123-C,Twifo_Praso__D2,GHcol,Ghana,Twifo Praso,Twifo Praso,David Weetman,David Weetman,2012,M,F,91488956,29.65,ERS311877,5.60858,-1.54926,col
AA0124-C,Twifo_Praso__G3,GHcol,Ghana,Twifo Praso,Twifo Praso,David Weetman,David Weetman,2012,M,F,98325596,32.06,ERS311885,5.60858,-1.54926,col
AA0125-C,Twifo_Praso__A5,GHcol,Ghana,Twifo Praso,Twifo Praso,David Weetman,David Weetman,2012,M,F,99933768,32.81,ERS311893,5.60858,-1.54926,col
AA0127-C,Takoradi_C10,GHcol,Ghana,Takoradi,Takoradi,David Weetman,David Weetman,2012,M,F,98951960,30.97,ERS311909,4.91217,-1.77397,col
AA0132-C,Madina_D3,GHcol,Ghana,Madina,Madina,David Weetman,David Weetman,2012,M,F,101639112,32.39,ERS311949,5.66849,-0.21928000000000009,col
AA0133-C,Madina_B5,GHgam,Ghana,Madina,Madina,David Weetman,David Weetman,2012,S,F,109019346,33.76,ERS311957,5.66849,-0.21928000000000009,gam
AA0134-C,Madina_D6,GHcol,Ghana,Madina,Madina,David Weetman,David Weetman,2012,M,F,85704690,28.14,ERS311965,5.66849,-0.21928000000000009,col
AA0135-C,Twifo_Praso__C5,GHcol,Ghana,Twifo Praso,Twifo Praso,David Weetman,David Weetman,2012,M,F,105874060,34.37,ERS311966,5.60858,-1.54926,col
AA0136-C,Takoradi_A12,GHcol,Ghana,Takoradi,Takoradi,David Weetman,David Weetman,2012,M,F,100355038,31.34,ERS311967,4.91217,-1.77397,col
AA0139-C,Madina_F6,GHcol,Ghana,Madina,Madina,David Weetman,David Weetman,2012,M,F,97694602,31.65,ERS311970,5.66849,-0.21928000000000009,col
AA0140-C,Madina_G6,GHcol,Ghana,Madina,Madina,David Weetman,David Weetman,2012,M,F,97619200,31.97,ERS311971,5.66849,-0.21928000000000009,col
AA0141-C,Madina_H6,GHcol,Ghana,Madina,Madina,David Weetman,David Weetman,2012,M,F,107530492,34.83,ERS311972,5.66849,-0.21928000000000009,col
AB0085-C,BF2-4,BFgam,Burkina Faso,Pala,Pala,Austin Burt,Sam O'Loughlin,2012,S,F,89905852,28.01,ERS223996,11.15,-4235,gam
AB0087-C,BF3-3,BFcol,Burkina Faso,Bana,Bana,Austin Burt,Sam O'Loughlin,2012,M,F,116706234,36.76,ERS224013,11233,-4472,col
AB0088-C,BF3-5,BFcol,Burkina Faso,Bana,Bana,Austin Burt,Sam O'Loughlin,2012,M,F,112090460,23.3,ERS223991,11233,-4472,col
AB0089-C,BF3-8,BFcol,Burkina Faso,Bana,Bana,Austin Burt,Sam O'Loughlin,2012,M,F,145350454,41.36,ERS224031,11233,-4472,col
AB0090-C,BF3-10,BFcol,Burkina Faso,Bana,Bana,Austin Burt,Sam O'Loughlin,2012,M,F,105012254,34.64,ERS223936,11233,-4472,col
AB0091-C,BF3-12,BFcol,Burkina Faso,Bana,Bana,Austin Burt,Sam O'Loughlin,2012,M,F,98833426,29.97,ERS224065,11233,-4472,col
AB0092-C,BF3-13,BFcol,Burkina Faso,Bana,Bana,Austin Burt,Sam O'Loughlin,2012,M,F,89897604,29.79,ERS224043,11233,-4472,col
AB0094-C,BF3-17,BFcol,Burkina Faso,Bana,Bana,Austin Burt,Sam O'Loughlin,2012,M,F,94712888,31.76,ERS224057,11233,-4472,col
AB0095-C,BF4-1,BFcol,Burkina Faso,Bana,Bana,Austin Burt,Sam O'Loughlin,2012,M,F,102184952,32.91,ERS224021,11233,-4472,col
AB0097-C,BF4-5,BFcol,Burkina Faso,Bana,Bana,Austin Burt,Sam O'Loughlin,2012,M,F,123867582,38.21,ERS224030,11233,-4472,col
AB0098-C,BF4-6,BFcol,Burkina Faso,Bana,Bana,Austin Burt,Sam O'Loughlin,2012,M,F,111579866,35.09,ERS223999,11233,-4472,col
AB0099-C,BF6-1,BFcol,Burkina Faso,Bana,Bana,Austin Burt,Sam O'Loughlin,2012,M,F,101764662,30.27,ERS223941,11233,-4472,col
AB0100-C,BF6-2,BFcol,Burkina Faso,Bana,Bana,Austin Burt,Sam O'Loughlin,2012,M,F,112109710,32.21,ERS224020,11233,-4472,col
AB0101-C,BF6-3,BFcol,Burkina Faso,Bana,Bana,Austin Burt,Sam O'Loughlin,2012,M,F,102477906,28.86,ERS223977,11233,-4472,col
AB0103-C,BF6-7,BFgam,Burkina Faso,Bana,Bana,Austin Burt,Sam O'Loughlin,2012,S,F,105747410,31.85,ERS223970,11233,-4472,gam
AB0104-C,BF6-8,BFgam,Burkina Faso,Bana,Bana,Austin Burt,Sam O'Loughlin,2012,S,F,110651954,33.23,ERS223976,11233,-4472,gam
AB0108-C,BF7-5,BFgam,Burkina Faso,Pala,Pala,Austin Burt,Sam O'Loughlin,2012,S,F,111394400,12.01,ERS223919,11.15,-4235,gam
AB0109-C,BF9-1,BFcol,Burkina Faso,Bana,Bana,Austin Burt,Sam O'Loughlin,2012,M,F,111138116,33.2,ERS223925,11233,-4472,col
AB0110-C,BF9-2,BFcol,Burkina Faso,Bana,Bana,Austin Burt,Sam O'Loughlin,2012,M,F,158505714,49.59,ERS224009,11233,-4472,col
AB0111-C,BF9-3,BFcol,Burkina Faso,Bana,Bana,Austin Burt,Sam O'Loughlin,2012,M,F,92577574,30.3,ERS224056,11233,-4472,col
AB0112-C,BF3-18,BFcol,Burkina Faso,Bana,Bana,Austin Burt,Sam O'Loughlin,2012,M,F,114628046,36.49,ERS224015,11233,-4472,col
AB0113-C,BF3-19,BFcol,Burkina Faso,Bana,Bana,Austin Burt,Sam O'Loughlin,2012,M,F,105726174,30.8,ERS223984,11233,-4472,col
AB0114-C,BF4-7,BFcol,Burkina Faso,Bana,Bana,Austin Burt,Sam O'Loughlin,2012,M,F,163544496,51.5,ERS224023,11233,-4472,col
AB0115-C,BF4-8,BFcol,Burkina Faso,Bana,Bana,Austin Burt,Sam O'Loughlin,2012,M,F,131902346,42.35,ERS224774,11233,-4472,col
AB0117-C,BF3-21,BFgam,Burkina Faso,Bana,Bana,Austin Burt,Sam O'Loughlin,2012,S,M,78682840,24.3,ERS224010,11233,-4472,gam
AB0118-C,BF3-22,BFgam,Burkina Faso,Bana,Bana,Austin Burt,Sam O'Loughlin,2012,S,M,108521494,34.57,ERS224059,11233,-4472,gam
AB0119-C,BF3-23,BFgam,Burkina Faso,Bana,Bana,Austin Burt,Sam O'Loughlin,2012,S,M,86522242,26.69,ERS224017,11233,-4472,gam
AB0122-C,BF3-26,BFcol,Burkina Faso,Bana,Bana,Austin Burt,Sam O'Loughlin,2012,M,M,91622016,29.02,ERS224064,11233,-4472,col
AB0123-C,BF3-27,BFcol,Burkina Faso,Bana,Bana,Austin Burt,Sam O'Loughlin,2012,M,M,108346680,34.77,ERS224045,11233,-4472,col
AB0124-C,BF3-28,BFcol,Burkina Faso,Bana,Bana,Austin Burt,Sam O'Loughlin,2012,M,M,96687784,30.26,ERS224044,11233,-4472,col
AB0126-C,BF3-30,BFgam,Burkina Faso,Bana,Bana,Austin Burt,Sam O'Loughlin,2012,S,M,73519888,22.76,ERS224079,11233,-4472,gam
AB0127-C,BF3-31,BFgam,Burkina Faso,Bana,Bana,Austin Burt,Sam O'Loughlin,2012,S,M,100242720,30.3,ERS224775,11233,-4472,gam
AB0128-C,BF3-32,BFgam,Burkina Faso,Bana,Bana,Austin Burt,Sam O'Loughlin,2012,S,M,98882614,30.44,ERS224011,11233,-4472,gam
AB0129-C,BF3-33,BFgam,Burkina Faso,Bana,Bana,Austin Burt,Sam O'Loughlin,2012,S,M,86478500,27.21,ERS224050,11233,-4472,gam
AB0130-C,BF3-34,BFgam,Burkina Faso,Bana,Bana,Austin Burt,Sam O'Loughlin,2012,S,M,90478964,27.77,ERS224053,11233,-4472,gam
AB0133-C,BF2-14,BFgam,Burkina Faso,Souroukoudinga,Souroukoudinga,Austin Burt,Sam O'Loughlin,2012,S,F,104680878,32.74,ERS224071,11235,-4535,gam
AB0134-C,BF2-15,BFgam,Burkina Faso,Souroukoudinga,Souroukoudinga,Austin Burt,Sam O'Loughlin,2012,S,F,93164158,26.75,ERS224046,11235,-4535,gam
AB0135-C,BF2-16,BFgam,Burkina Faso,Souroukoudinga,Souroukoudinga,Austin Burt,Sam O'Loughlin,2012,S,F,89058906,28.36,ERS224014,11235,-4535,gam
AB0136-C,BF2-17,BFgam,Burkina Faso,Souroukoudinga,Souroukoudinga,Austin Burt,Sam O'Loughlin,2012,S,F,93477938,28.46,ERS224063,11235,-4535,gam
AB0137-C,BF2-18,BFcol,Burkina Faso,Souroukoudinga,Souroukoudinga,Austin Burt,Sam O'Loughlin,2012,M,F,107119658,35.51,ERS224008,11235,-4535,col
AB0138-C,BF2-19,BFcol,Burkina Faso,Souroukoudinga,Souroukoudinga,Austin Burt,Sam O'Loughlin,2012,M,F,104224064,32.09,ERS224006,11235,-4535,col
AB0139-C,BF2-20,BFcol,Burkina Faso,Souroukoudinga,Souroukoudinga,Austin Burt,Sam O'Loughlin,2012,M,F,101147414,31.42,ERS223955,11235,-4535,col
AB0140-C,BF2-21,BFcol,Burkina Faso,Souroukoudinga,Souroukoudinga,Austin Burt,Sam O'Loughlin,2012,M,F,110728572,35.79,ERS223963,11235,-4535,col
AB0142-C,BF2-23,BFcol,Burkina Faso,Souroukoudinga,Souroukoudinga,Austin Burt,Sam O'Loughlin,2012,M,F,89204824,30.31,ERS223982,11235,-4535,col
AB0143-C,BF8-1,BFgam,Burkina Faso,Souroukoudinga,Souroukoudinga,Austin Burt,Sam O'Loughlin,2012,S,F,87057938,27.75,ERS224051,11235,-4535,gam
AB0145-C,BF8-3,BFgam,Burkina Faso,Souroukoudinga,Souroukoudinga,Austin Burt,Sam O'Loughlin,2012,S,F,101694380,33.19,ERS223962,11235,-4535,gam
AB0146-C,BF8-5,BFgam,Burkina Faso,Souroukoudinga,Souroukoudinga,Austin Burt,Sam O'Loughlin,2012,S,F,87355624,25.75,ERS224077,11235,-4535,gam
AB0147-C,BF8-6,BFgam,Burkina Faso,Souroukoudinga,Souroukoudinga,Austin Burt,Sam O'Loughlin,2012,S,F,128317024,41.79,ERS223924,11235,-4535,gam
AB0148-C,BF8-7,BFgam,Burkina Faso,Souroukoudinga,Souroukoudinga,Austin Burt,Sam O'Loughlin,2012,S,F,113153758,35.39,ERS224076,11235,-4535,gam
AB0150-C,BF3-37,BFgam,Burkina Faso,Bana,Bana,Austin Burt,Sam O'Loughlin,2012,S,M,104506982,31.74,ERS224038,11233,-4472,gam
AB0151-C,BF3-38,BFgam,Burkina Faso,Bana,Bana,Austin Burt,Sam O'Loughlin,2012,S,M,139839586,41.85,ERS224003,11233,-4472,gam
AB0153-C,BF3-40,BFgam,Burkina Faso,Bana,Bana,Austin Burt,Sam O'Loughlin,2012,S,M,102236676,31.02,ERS224776,11233,-4472,gam
AB0155-C,BF3-42,BFgam,Burkina Faso,Bana,Bana,Austin Burt,Sam O'Loughlin,2012,S,M,102789370,32.1,ERS224066,11233,-4472,gam
AB0157-C,BF3-44,BFgam,Burkina Faso,Bana,Bana,Austin Burt,Sam O'Loughlin,2012,S,M,94001246,29.07,ERS224058,11233,-4472,gam
AB0158-C,BF3-45,BFgam,Burkina Faso,Bana,Bana,Austin Burt,Sam O'Loughlin,2012,S,M,96082380,29.43,ERS224016,11233,-4472,gam
AB0159-C,BF3-46,BFgam,Burkina Faso,Bana,Bana,Austin Burt,Sam O'Loughlin,2012,S,M,98784976,30.17,ERS224770,11233,-4472,gam
AB0160-C,BF3-47,BFgam,Burkina Faso,Bana,Bana,Austin Burt,Sam O'Loughlin,2012,S,M,72878486,22.43,ERS224032,11233,-4472,gam
AB0161-C,BF3-48,BFgam,Burkina Faso,Bana,Bana,Austin Burt,Sam O'Loughlin,2012,S,M,135544660,40.53,ERS224771,11233,-4472,gam
AB0162-C,BF3-54,BFgam,Burkina Faso,Pala,Pala,Austin Burt,Sam O'Loughlin,2012,S,M,86297380,26.69,ERS224773,11.15,-4235,gam
AB0164-C,BF3-56,BFgam,Burkina Faso,Pala,Pala,Austin Burt,Sam O'Loughlin,2012,S,M,79682812,24.52,ERS224060,11.15,-4235,gam
AB0165-C,BF3-59,BFgam,Burkina Faso,Pala,Pala,Austin Burt,Sam O'Loughlin,2012,S,M,123808034,37.33,ERS224777,11.15,-4235,gam
AB0166-C,BF3-60,BFgam,Burkina Faso,Pala,Pala,Austin Burt,Sam O'Loughlin,2012,S,M,92180458,28.14,ERS224004,11.15,-4235,gam
AB0167-C,BF3-61,BFgam,Burkina Faso,Pala,Pala,Austin Burt,Sam O'Loughlin,2012,S,M,121897332,36.53,ERS224779,11.15,-4235,gam
AB0169-C,BF3-64,BFgam,Burkina Faso,Pala,Pala,Austin Burt,Sam O'Loughlin,2012,S,M,86323822,26.59,ERS224052,11.15,-4235,gam
AB0170-C,BF3-65,BFgam,Burkina Faso,Pala,Pala,Austin Burt,Sam O'Loughlin,2012,S,M,88910634,28.6,ERS224018,11.15,-4235,gam
AB0171-C,BF3-66,BFgam,Burkina Faso,Pala,Pala,Austin Burt,Sam O'Loughlin,2012,S,M,76711192,23.43,ERS224067,11.15,-4235,gam
AB0172-C,BF10-1,BFgam,Burkina Faso,Pala,Pala,Austin Burt,Sam O'Loughlin,2012,S,F,93054446,26.98,ERS223916,11.15,-4235,gam
AB0173-C,BF10-2,BFgam,Burkina Faso,Pala,Pala,Austin Burt,Sam O'Loughlin,2012,S,F,110797712,24.85,ERS224772,11.15,-4235,gam
AB0174-C,BF10-3,BFgam,Burkina Faso,Pala,Pala,Austin Burt,Sam O'Loughlin,2012,S,F,85694964,23.1,ERS224039,11.15,-4235,gam
AB0175-C,BF10-4,BFgam,Burkina Faso,Pala,Pala,Austin Burt,Sam O'Loughlin,2012,S,F,88433390,28.02,ERS224070,11.15,-4235,gam
AB0176-C,BF10-5,BFgam,Burkina Faso,Pala,Pala,Austin Burt,Sam O'Loughlin,2012,S,F,82857398,26.12,ERS224022,11.15,-4235,gam
AB0177-C,BF10-7,BFgam,Burkina Faso,Pala,Pala,Austin Burt,Sam O'Loughlin,2012,S,F,88728970,21.14,ERS224778,11.15,-4235,gam
AB0178-C,BF10-8,BFgam,Burkina Faso,Pala,Pala,Austin Burt,Sam O'Loughlin,2012,S,F,102127354,31.55,ERS224074,11.15,-4235,gam
AB0179-C,BF10-9,BFgam,Burkina Faso,Pala,Pala,Austin Burt,Sam O'Loughlin,2012,S,F,107048128,28.93,ERS224055,11.15,-4235,gam
AB0181-C,BFBana_4_2,BFcol,Burkina Faso,Bana,Bana,Austin Burt,Sam O'Loughlin,2012,M,F,112794312,36.11,ERS223761,11233,-4472,col
AB0182-C,BFBana_4_3,BFcol,Burkina Faso,Bana,Bana,Austin Burt,Sam O'Loughlin,2012,M,F,99125704,31.73,ERS223922,11233,-4472,col
AB0183-C,BFBana5_1,BFcol,Burkina Faso,Bana,Bana,Austin Burt,Sam O'Loughlin,2012,M,F,89894120,26.15,ERS223994,11233,-4472,col
AB0184-C,BFBana_5_2,BFcol,Burkina Faso,Bana,Bana,Austin Burt,Sam O'Loughlin,2012,M,F,91623478,28.16,ERS223843,11233,-4472,col
AB0185-C,BFBana_6_1,BFcol,Burkina Faso,Bana,Bana,Austin Burt,Sam O'Loughlin,2012,M,F,101581056,33.31,ERS223844,11233,-4472,col
AB0186-C,BFBana_6_2,BFcol,Burkina Faso,Bana,Bana,Austin Burt,Sam O'Loughlin,2012,M,F,90639292,29.07,ERS223938,11233,-4472,col
AB0187-C,BFBana_7_1,BFcol,Burkina Faso,Bana,Bana,Austin Burt,Sam O'Loughlin,2012,M,F,115130040,32.22,ERS223971,11233,-4472,col
AB0188-C,BFBana_7_2,BFcol,Burkina Faso,Bana,Bana,Austin Burt,Sam O'Loughlin,2012,M,F,95156528,25.77,ERS223923,11233,-4472,col
AB0189-C,BFBana_8_1,BFcol,Burkina Faso,Bana,Bana,Austin Burt,Sam O'Loughlin,2012,M,F,127537108,39.82,ERS223794,11233,-4472,col
AB0190-C,BFBana_8_2,BFcol,Burkina Faso,Bana,Bana,Austin Burt,Sam O'Loughlin,2012,M,F,117604304,37.99,ERS223749,11233,-4472,col
AB0191-C,BFBana_17_2,BFcol,Burkina Faso,Bana,Bana,Austin Burt,Sam O'Loughlin,2012,M,F,106976592,35.04,ERS224078,11233,-4472,col
AB0192-C,BFBana_17_3,BFcol,Burkina Faso,Bana,Bana,Austin Burt,Sam O'Loughlin,2012,M,F,106240586,34.0,ERS223933,11233,-4472,col
AB0195-C,BFBana_19_1,BFcol,Burkina Faso,Bana,Bana,Austin Burt,Sam O'Loughlin,2012,M,F,41856482,13.8,ERS223840,11233,-4472,col
AB0196-C,BFBana_19_2,BFcol,Burkina Faso,Bana,Bana,Austin Burt,Sam O'Loughlin,2012,M,F,109112972,33.59,ERS224007,11233,-4472,col
AB0197-C,BFPala_36_1,BFgam,Burkina Faso,Pala,Pala,Austin Burt,Sam O'Loughlin,2012,S,F,108444644,34.41,ERS223875,11.15,-4235,gam
AB0198-C,BFPala_36_2,BFgam,Burkina Faso,Pala,Pala,Austin Burt,Sam O'Loughlin,2012,S,F,110815562,34.53,ERS223967,11.15,-4235,gam
AB0199-C,BFPala_36_3,BFgam,Burkina Faso,Pala,Pala,Austin Burt,Sam O'Loughlin,2012,S,F,107709374,31.1,ERS224069,11.15,-4235,gam
AB0200-C,BFPala_36_4,BFgam,Burkina Faso,Pala,Pala,Austin Burt,Sam O'Loughlin,2012,S,F,100632516,31.3,ERS224034,11.15,-4235,gam
AB0201-C,BFPala_48_1,BFgam,Burkina Faso,Pala,Pala,Austin Burt,Sam O'Loughlin,2012,S,F,96936276,31.77,ERS224000,11.15,-4235,gam
AB0202-C,BFPala_48_2,BFgam,Burkina Faso,Pala,Pala,Austin Burt,Sam O'Loughlin,2012,S,F,111656894,36.99,ERS224042,11.15,-4235,gam
AB0203-C,BFPala_48_3,BFgam,Burkina Faso,Pala,Pala,Austin Burt,Sam O'Loughlin,2012,S,F,89992978,29.41,ERS224029,11.15,-4235,gam
AB0204-C,BFPala_58_1,BFcol,Burkina Faso,Pala,Pala,Austin Burt,Sam O'Loughlin,2012,M,F,111830668,37.24,ERS223946,11.15,-4235,col
AB0205-C,BFPala_58_2,BFgam,Burkina Faso,Pala,Pala,Austin Burt,Sam O'Loughlin,2012,S,F,118030304,37.86,ERS223790,11.15,-4235,gam
AB0206-C,BFPala_58_3,BFgam,Burkina Faso,Pala,Pala,Austin Burt,Sam O'Loughlin,2012,S,F,116492418,37.38,ERS223797,11.15,-4235,gam
AB0207-C,BFSour_59_1,BFgam,Burkina Faso,Souroukoudinga,Souroukoudinga,Austin Burt,Sam O'Loughlin,2012,S,F,120735434,37.72,ERS223771,11235,-4535,gam
AB0208-C,BFSour_59_2,BFgam,Burkina Faso,Souroukoudinga,Souroukoudinga,Austin Burt,Sam O'Loughlin,2012,S,F,112084150,34.53,ERS223827,11235,-4535,gam
AB0209-C,BFBana_14_1,BFcol,Burkina Faso,Bana,Bana,Austin Burt,Sam O'Loughlin,2012,M,F,118043738,37.96,ERS223861,11233,-4472,col
AB0210-C,BFBana_14_2,BFcol,Burkina Faso,Bana,Bana,Austin Burt,Sam O'Loughlin,2012,M,F,158865480,48.94,ERS223873,11233,-4472,col
AB0211-C,BFBana_16_1,BFgam,Burkina Faso,Bana,Bana,Austin Burt,Sam O'Loughlin,2012,S,F,112964850,35.06,ERS223759,11233,-4472,gam
AB0212-C,BFBana_16_2,BFcol,Burkina Faso,Bana,Bana,Austin Burt,Sam O'Loughlin,2012,M,F,97935414,32.14,ERS223909,11233,-4472,col
AB0213-C,BFSour_59_3,BFcol,Burkina Faso,Souroukoudinga,Souroukoudinga,Austin Burt,Sam O'Loughlin,2012,M,F,114895884,34.58,ERS223756,11235,-4535,col
AB0215-C,BFSour_46_2,BFcol,Burkina Faso,Souroukoudinga,Souroukoudinga,Austin Burt,Sam O'Loughlin,2012,M,F,118636076,39.5,ERS223778,11235,-4535,col
AB0217-C,BFSour_54_1,BFgam,Burkina Faso,Souroukoudinga,Souroukoudinga,Austin Burt,Sam O'Loughlin,2012,S,F,104164004,32.39,ERS223750,11235,-4535,gam
AB0218-C,BFSour_54_2,BFgam,Burkina Faso,Souroukoudinga,Souroukoudinga,Austin Burt,Sam O'Loughlin,2012,S,F,140578838,43.65,ERS223894,11235,-4535,gam
AB0219-C,BFSour_54_3,BFcol,Burkina Faso,Souroukoudinga,Souroukoudinga,Austin Burt,Sam O'Loughlin,2012,M,F,107259160,34.45,ERS223910,11235,-4535,col
AB0221-C,BFSour_55_2,BFcol,Burkina Faso,Souroukoudinga,Souroukoudinga,Austin Burt,Sam O'Loughlin,2012,M,F,109793482,33.19,ERS223757,11235,-4535,col
AB0222-C,BFSour_55_3,BFcol,Burkina Faso,Souroukoudinga,Souroukoudinga,Austin Burt,Sam O'Loughlin,2012,M,F,110084314,32.55,ERS223990,11235,-4535,col
AB0223-C,BFSour_56_1,BFcol,Burkina Faso,Souroukoudinga,Souroukoudinga,Austin Burt,Sam O'Loughlin,2012,M,F,108350646,35.16,ERS223867,11235,-4535,col
AB0224-C,BFSour_57_1,BFcol,Burkina Faso,Souroukoudinga,Souroukoudinga,Austin Burt,Sam O'Loughlin,2012,M,F,118980508,39.27,ERS223804,11235,-4535,col
AB0226-C,BFSour_57_3,BFcol,Burkina Faso,Souroukoudinga,Souroukoudinga,Austin Burt,Sam O'Loughlin,2012,M,F,105094584,33.6,ERS223818,11235,-4535,col
AB0227-C,BF11-2,BFcol,Burkina Faso,Souroukoudinga,Souroukoudinga,Austin Burt,Sam O'Loughlin,2012,M,F,94146816,29.37,ERS223934,11235,-4535,col
AB0228-C,BF11-3,BFgam,Burkina Faso,Souroukoudinga,Souroukoudinga,Austin Burt,Sam O'Loughlin,2012,S,F,81762002,26.27,ERS224037,11235,-4535,gam
AB0229-C,BF11-4,BFcol,Burkina Faso,Souroukoudinga,Souroukoudinga,Austin Burt,Sam O'Loughlin,2012,M,F,96591894,32.44,ERS223951,11235,-4535,col
AB0231-C,BF11-7,BFgam,Burkina Faso,Souroukoudinga,Souroukoudinga,Austin Burt,Sam O'Loughlin,2012,S,F,65711922,21.28,ERS224102,11235,-4535,gam
AB0232-C,BF11-8,BFgam,Burkina Faso,Souroukoudinga,Souroukoudinga,Austin Burt,Sam O'Loughlin,2012,S,F,202923008,47.4,ERS224085,11235,-4535,gam
AB0233-C,BF11-9,BFgam,Burkina Faso,Souroukoudinga,Souroukoudinga,Austin Burt,Sam O'Loughlin,2012,S,F,101673334,32.48,ERS224118,11235,-4535,gam
AB0234-C,BF11-10,BFcol,Burkina Faso,Souroukoudinga,Souroukoudinga,Austin Burt,Sam O'Loughlin,2012,M,F,76022042,25.05,ERS224096,11235,-4535,col
AB0235-C,BF11-11,BFgam,Burkina Faso,Souroukoudinga,Souroukoudinga,Austin Burt,Sam O'Loughlin,2012,S,F,81774702,26.33,ERS224211,11235,-4535,gam
AB0236-C,BF11-12,BFgam,Burkina Faso,Souroukoudinga,Souroukoudinga,Austin Burt,Sam O'Loughlin,2012,S,F,274074182,85.2,ERS224132,11235,-4535,gam
AB0237-C,BF11-13,BFcol,Burkina Faso,Souroukoudinga,Souroukoudinga,Austin Burt,Sam O'Loughlin,2012,M,F,99769250,32.98,ERS224094,11235,-4535,col
AB0238-C,BF11-14,BFgam,Burkina Faso,Souroukoudinga,Souroukoudinga,Austin Burt,Sam O'Loughlin,2012,S,F,111628010,36.81,ERS224227,11235,-4535,gam
AB0239-C,BF11-15,BFgam,Burkina Faso,Souroukoudinga,Souroukoudinga,Austin Burt,Sam O'Loughlin,2012,S,F,127005922,40.08,ERS224203,11235,-4535,gam
AB0240-C,BF11-16,BFcol,Burkina Faso,Souroukoudinga,Souroukoudinga,Austin Burt,Sam O'Loughlin,2012,M,F,79660228,26.51,ERS224169,11235,-4535,col
AB0241-C,BF11-17,BFgam,Burkina Faso,Souroukoudinga,Souroukoudinga,Austin Burt,Sam O'Loughlin,2012,S,F,140659424,42.9,ERS224195,11235,-4535,gam
AB0242-C,BF11-18,BFcol,Burkina Faso,Souroukoudinga,Souroukoudinga,Austin Burt,Sam O'Loughlin,2012,M,F,102262548,32.98,ERS224285,11235,-4535,col
AB0243-C,BF11-19,BFcol,Burkina Faso,Souroukoudinga,Souroukoudinga,Austin Burt,Sam O'Loughlin,2012,M,F,87718744,28.93,ERS224221,11235,-4535,col
AB0244-C,BF11-20,BFgam,Burkina Faso,Souroukoudinga,Souroukoudinga,Austin Burt,Sam O'Loughlin,2012,S,F,102110064,27.69,ERS224283,11235,-4535,gam
AB0246-C,BF11-22,BFcol,Burkina Faso,Souroukoudinga,Souroukoudinga,Austin Burt,Sam O'Loughlin,2012,M,F,109148156,35.09,ERS224254,11235,-4535,col
AB0247-C,BF11-23,BFcol,Burkina Faso,Souroukoudinga,Souroukoudinga,Austin Burt,Sam O'Loughlin,2012,M,F,36592958,12.74,ERS224110,11235,-4535,col
AB0248-C,BF11-25,BFcol,Burkina Faso,Souroukoudinga,Souroukoudinga,Austin Burt,Sam O'Loughlin,2012,M,F,131578688,41.29,ERS224785,11235,-4535,col
AB0249-C,BF11-26,BFcol,Burkina Faso,Souroukoudinga,Souroukoudinga,Austin Burt,Sam O'Loughlin,2012,M,F,72728612,24.17,ERS224162,11235,-4535,col
AB0250-C,BF11-27,BFcol,Burkina Faso,Souroukoudinga,Souroukoudinga,Austin Burt,Sam O'Loughlin,2012,M,F,85271154,27.1,ERS224213,11235,-4535,col
AB0251-C,BF11-28,BFgam,Burkina Faso,Souroukoudinga,Souroukoudinga,Austin Burt,Sam O'Loughlin,2012,S,F,95983920,31.14,ERS224133,11235,-4535,gam
AB0252-C,BF11-29,BFgam,Burkina Faso,Souroukoudinga,Souroukoudinga,Austin Burt,Sam O'Loughlin,2012,S,F,45647624,15.38,ERS224143,11235,-4535,gam
AB0253-C,BF11-30,BFgam,Burkina Faso,Souroukoudinga,Souroukoudinga,Austin Burt,Sam O'Loughlin,2012,S,F,217188358,68.27,ERS224149,11235,-4535,gam
AB0255-C,BF12-2,BFgam,Burkina Faso,Pala,Pala,Austin Burt,Sam O'Loughlin,2012,S,F,103763020,31.96,ERS224783,11.15,-4235,gam
AB0256-C,BF12-3,BFgam,Burkina Faso,Pala,Pala,Austin Burt,Sam O'Loughlin,2012,S,F,104192420,32.53,ERS224784,11.15,-4235,gam
AB0257-C,BF12-4,BFcol,Burkina Faso,Pala,Pala,Austin Burt,Sam O'Loughlin,2012,M,F,112350788,36.13,ERS224174,11.15,-4235,col
AB0258-C,BF12-5,BFcol,Burkina Faso,Pala,Pala,Austin Burt,Sam O'Loughlin,2012,M,F,87932222,29.29,ERS224238,11.15,-4235,col
AB0260-C,BF12-7,BFgam,Burkina Faso,Pala,Pala,Austin Burt,Sam O'Loughlin,2012,S,F,222622690,68.56,ERS224156,11.15,-4235,gam
AB0261-C,BF12-8,BFgam,Burkina Faso,Pala,Pala,Austin Burt,Sam O'Loughlin,2012,S,F,118577780,37.72,ERS224656,11.15,-4235,gam
AB0262-C,BF12-9,BFcol,Burkina Faso,Pala,Pala,Austin Burt,Sam O'Loughlin,2012,M,F,90283140,29.46,ERS224210,11.15,-4235,col
AB0263-C,BF12-10,BFcol,Burkina Faso,Pala,Pala,Austin Burt,Sam O'Loughlin,2012,M,F,87614236,28.72,ERS224223,11.15,-4235,col
AB0264-C,BF12-13,BFgam,Burkina Faso,Pala,Pala,Austin Burt,Sam O'Loughlin,2012,S,F,92415122,29.5,ERS224114,11.15,-4235,gam
AB0265-C,BF12-14,BFgam,Burkina Faso,Pala,Pala,Austin Burt,Sam O'Loughlin,2012,S,F,110571284,33.98,ERS224095,11.15,-4235,gam
AB0266-C,BF12-15,BFcol,Burkina Faso,Pala,Pala,Austin Burt,Sam O'Loughlin,2012,M,F,145191910,46.26,ERS224782,11.15,-4235,col
AB0267-C,BF12-16,BFcol,Burkina Faso,Pala,Pala,Austin Burt,Sam O'Loughlin,2012,M,F,105273054,31.58,ERS224228,11.15,-4235,col
AB0268-C,BF12-17,BFgam,Burkina Faso,Pala,Pala,Austin Burt,Sam O'Loughlin,2012,S,F,99074812,31.44,ERS224295,11.15,-4235,gam
AB0270-C,BF12-20,BFgam,Burkina Faso,Pala,Pala,Austin Burt,Sam O'Loughlin,2012,S,F,67133348,22.14,ERS224101,11.15,-4235,gam
AB0271-C,BF12-22,BFgam,Burkina Faso,Pala,Pala,Austin Burt,Sam O'Loughlin,2012,S,F,157871434,49.52,ERS224148,11.15,-4235,gam
AB0272-C,BF12-23,BFgam,Burkina Faso,Pala,Pala,Austin Burt,Sam O'Loughlin,2012,S,F,93388860,29.33,ERS224247,11.15,-4235,gam
AB0273-C,BF12-24,BFgam,Burkina Faso,Pala,Pala,Austin Burt,Sam O'Loughlin,2012,S,F,252400726,80.25,ERS224154,11.15,-4235,gam
AB0274-C,BF12-25,BFgam,Burkina Faso,Pala,Pala,Austin Burt,Sam O'Loughlin,2012,S,F,108685078,32.81,ERS224294,11.15,-4235,gam
AB0275-C,BF12-26,BFgam,Burkina Faso,Pala,Pala,Austin Burt,Sam O'Loughlin,2012,S,F,141236506,39.51,ERS224781,11.15,-4235,gam
AB0276-C,BF12-27,BFcol,Burkina Faso,Pala,Pala,Austin Burt,Sam O'Loughlin,2012,M,F,99259424,31.57,ERS224319,11.15,-4235,col
AB0277-C,BF12-28,BFgam,Burkina Faso,Pala,Pala,Austin Burt,Sam O'Loughlin,2012,S,F,251417336,79.2,ERS224151,11.15,-4235,gam
AB0278-C,BF12-29,BFgam,Burkina Faso,Pala,Pala,Austin Burt,Sam O'Loughlin,2012,S,F,206265632,66.54,ERS224165,11.15,-4235,gam
AB0279-C,BF12-30,BFcol,Burkina Faso,Pala,Pala,Austin Burt,Sam O'Loughlin,2012,M,F,114180260,36.98,ERS224190,11.15,-4235,col
AB0280-C,BF12-31,BFgam,Burkina Faso,Pala,Pala,Austin Burt,Sam O'Loughlin,2012,S,F,192768242,60.86,ERS224090,11.15,-4235,gam
AB0281-C,BF12-32,BFgam,Burkina Faso,Pala,Pala,Austin Burt,Sam O'Loughlin,2012,S,F,103403794,32.28,ERS224670,11.15,-4235,gam
AB0282-C,BF12-33,BFcol,Burkina Faso,Pala,Pala,Austin Burt,Sam O'Loughlin,2012,M,F,126481642,33.21,ERS224181,11.15,-4235,col
AB0283-C,BF10-12,BFgam,Burkina Faso,Pala,Pala,Austin Burt,Sam O'Loughlin,2012,S,F,87745524,28.23,ERS224248,11.15,-4235,gam
AB0284-C,BF10-13,BFgam,Burkina Faso,Pala,Pala,Austin Burt,Sam O'Loughlin,2012,S,F,90042918,28.74,ERS224089,11.15,-4235,gam
AG0082-C,2518,GM,"Gambia, The",Njabakunda,Sare Illo Buya,Martin Donnelly,Martin Donnelly,2011,,F,93088052,30.53,ERS248676,13.55,-15.9,adx
AG0085-C,2521,GM,"Gambia, The",Njabakunda,Sare Illo Buya,Martin Donnelly,Martin Donnelly,2011,,F,103517758,32.14,ERS248679,13.55,-15.9,adx
AG0089-C,2525,GM,"Gambia, The",Njabakunda,Sare Illo Buya,Martin Donnelly,Martin Donnelly,2011,,F,114898838,35.13,ERS248683,13.55,-15.9,adx
AG0096-C,2532,GM,"Gambia, The",Njabakunda,Sare Illo Buya,Martin Donnelly,Martin Donnelly,2011,,F,105627176,32.73,ERS248690,13.55,-15.9,adx
AG0097-C,2533,GM,"Gambia, The",Njabakunda,Sare Illo Buya,Martin Donnelly,Martin Donnelly,2011,,F,95764982,23.23,ERS248691,13.55,-15.9,adx
AG0098-C,2534,GM,"Gambia, The",Njabakunda,Sare Illo Buya,Martin Donnelly,Martin Donnelly,2011,,F,106380856,31.44,ERS248692,13.55,-15.9,adx
AG0100-C,2536,GM,"Gambia, The",Njabakunda,Sare Illo Buya,Martin Donnelly,Martin Donnelly,2011,,F,99062072,31.01,ERS248694,13.55,-15.9,adx
AG0102-C,2538,GM,"Gambia, The",Njabakunda,Sare Illo Buya,Martin Donnelly,Martin Donnelly,2011,,F,101620214,15.59,ERS248696,13.55,-15.9,adx
AG0104-C,2540,GM,"Gambia, The",Njabakunda,Maria Samba Nyado,Martin Donnelly,Martin Donnelly,2011,,F,114893394,33.2,ERS248698,13.55,-15.9,adx
AG0106-C,2542,GM,"Gambia, The",Njabakunda,Maria Samba Nyado,Martin Donnelly,Martin Donnelly,2011,,F,112836980,35.62,ERS248700,13.55,-15.9,adx
AG0108-C,2544,GM,"Gambia, The",Njabakunda,Maria Samba Nyado,Martin Donnelly,Martin Donnelly,2011,,F,101180674,26.17,ERS248702,13.55,-15.9,adx
AG0109-C,2545,GM,"Gambia, The",Njabakunda,Maria Samba Nyado,Martin Donnelly,Martin Donnelly,2011,,F,93946208,29.15,ERS248703,13.55,-15.9,adx
AG0111-C,2547,GM,"Gambia, The",Njabakunda,Maria Samba Nyado,Martin Donnelly,Martin Donnelly,2011,,F,115927674,27.29,ERS248705,13.55,-15.9,adx
AG0118-C,2554,GM,"Gambia, The",Njabakunda,Maria Samba Nyado,Martin Donnelly,Martin Donnelly,2011,,F,89787754,27.85,ERS248712,13.55,-15.9,adx
AG0120-C,2556,GM,"Gambia, The",Njabakunda,Maria Samba Nyado,Martin Donnelly,Martin Donnelly,2011,,F,111333074,34.31,ERS248714,13.55,-15.9,adx
AG0121-C,2557,GM,"Gambia, The",Njabakunda,Maria Samba Nyado,Martin Donnelly,Martin Donnelly,2011,,F,102242720,30.72,ERS248715,13.55,-15.9,adx
AG0123-C,2559,GM,"Gambia, The",Njabakunda,Maria Samba Nyado,Martin Donnelly,Martin Donnelly,2011,,F,98439046,31.12,ERS248717,13.55,-15.9,adx
AG0125-C,2561,GM,"Gambia, The",Njabakunda,Kerr Sama Kuma,Martin Donnelly,Martin Donnelly,2011,,F,116612874,35.05,ERS248719,13.55,-15.9,adx
AG0126-C,2562,GM,"Gambia, The",Njabakunda,Kerr Sama Kuma,Martin Donnelly,Martin Donnelly,2011,,F,112143610,35.52,ERS248720,13.55,-15.9,adx
AG0127-C,2563,GM,"Gambia, The",Njabakunda,Kerr Sama Kuma,Martin Donnelly,Martin Donnelly,2011,,F,106442138,33.32,ERS248721,13.55,-15.9,adx
AG0128-C,2595,GM,"Gambia, The",Njabakunda,Sare Illo Buya,Martin Donnelly,Martin Donnelly,2011,,F,92288274,28.51,ERS248722,13.55,-15.9,adx
AG0129-C,2596,GM,"Gambia, The",Njabakunda,Sare Illo Buya,Martin Donnelly,Martin Donnelly,2011,,F,87220392,20.01,ERS248723,13.55,-15.9,adx
AG0133-C,2600,GM,"Gambia, The",Njabakunda,Sare Illo Buya,Martin Donnelly,Martin Donnelly,2011,,F,104058934,30.95,ERS248727,13.55,-15.9,adx
AG0134-C,2601,GM,"Gambia, The",Njabakunda,Sare Illo Buya,Martin Donnelly,Martin Donnelly,2011,,F,102146260,23.42,ERS248728,13.55,-15.9,adx
AG0136-C,2603,GM,"Gambia, The",Njabakunda,Sare Illo Buya,Martin Donnelly,Martin Donnelly,2011,,F,92499044,22.22,ERS248730,13.55,-15.9,adx
AG0137-C,2604,GM,"Gambia, The",Njabakunda,Sare Illo Buya,Martin Donnelly,Martin Donnelly,2011,,F,96961410,30.29,ERS248731,13.55,-15.9,adx
AG0138-C,2605,GM,"Gambia, The",Njabakunda,Sare Illo Buya,Martin Donnelly,Martin Donnelly,2011,,F,107496034,32.26,ERS248732,13.55,-15.9,adx
AG0139-C,2606,GM,"Gambia, The",Njabakunda,Sare Illo Buya,Martin Donnelly,Martin Donnelly,2011,,F,96301520,29.87,ERS248733,13.55,-15.9,adx
AG0141-C,2608,GM,"Gambia, The",Njabakunda,Sare Illo Buya,Martin Donnelly,Martin Donnelly,2011,,F,88773448,28.71,ERS248735,13.55,-15.9,adx
AG0142-C,2609,GM,"Gambia, The",Njabakunda,Kerr Birom Kardo,Martin Donnelly,Martin Donnelly,2011,,F,100858634,31.89,ERS248736,13.55,-15.9,adx
AG0143-C,2610,GM,"Gambia, The",Njabakunda,Kerr Birom Kardo,Martin Donnelly,Martin Donnelly,2011,,F,105758948,33.17,ERS248737,13.55,-15.9,adx
AG0144-C,2611,GM,"Gambia, The",Njabakunda,Kerr Birom Kardo,Martin Donnelly,Martin Donnelly,2011,,F,99695766,31.54,ERS248738,13.55,-15.9,adx
AG0145-C,2612,GM,"Gambia, The",Njabakunda,Kerr Birom Kardo,Martin Donnelly,Martin Donnelly,2011,,F,107613436,20.52,ERS248739,13.55,-15.9,adx
AG0146-C,2613,GM,"Gambia, The",Njabakunda,Kerr Birom Kardo,Martin Donnelly,Martin Donnelly,2011,,F,90476112,28.28,ERS248740,13.55,-15.9,adx
AG0147-C,2614,GM,"Gambia, The",Njabakunda,Kerr Birom Kardo,Martin Donnelly,Martin Donnelly,2011,,F,93346656,30.15,ERS248741,13.55,-15.9,adx
AG0148-C,2615,GM,"Gambia, The",Njabakunda,Kerr Birom Kardo,Martin Donnelly,Martin Donnelly,2011,,F,109978602,33.94,ERS248742,13.55,-15.9,adx
AG0152-C,2619,GM,"Gambia, The",Njabakunda,Kerr Birom Kardo,Martin Donnelly,Martin Donnelly,2011,,F,101127004,31.1,ERS248746,13.55,-15.9,adx
AG0153-C,2620,GM,"Gambia, The",Njabakunda,Kerr Birom Kardo,Martin Donnelly,Martin Donnelly,2011,,F,96743242,22.16,ERS248747,13.55,-15.9,adx
AG0156-C,2623,GM,"Gambia, The",Njabakunda,Kerr Birom Kardo,Martin Donnelly,Martin Donnelly,2011,,F,105039056,31.45,ERS248750,13.55,-15.9,adx
AG0159-C,2626,GM,"Gambia, The",Njabakunda,Kerr Birom Kardo,Martin Donnelly,Martin Donnelly,2011,,F,93000786,30.31,ERS248753,13.55,-15.9,adx
AG0162-C,2629,GM,"Gambia, The",Njabakunda,Kerr Birom Kardo,Martin Donnelly,Martin Donnelly,2011,,F,106342658,33.53,ERS248756,13.55,-15.9,adx
AG0163-C,2630,GM,"Gambia, The",Njabakunda,Kerr Birom Kardo,Martin Donnelly,Martin Donnelly,2011,,F,94671110,22.26,ERS248757,13.55,-15.9,adx
AG0169-C,2636,GM,"Gambia, The",Njabakunda,Maria Samba Nyado,Martin Donnelly,Martin Donnelly,2011,,F,86220452,28.38,ERS248763,13.55,-15.9,adx
AG0170-C,2637,GM,"Gambia, The",Njabakunda,Maria Samba Nyado,Martin Donnelly,Martin Donnelly,2011,,F,101918016,30.22,ERS248764,13.55,-15.9,adx
AG0172-C,2639,GM,"Gambia, The",Njabakunda,Maria Samba Nyado,Martin Donnelly,Martin Donnelly,2011,,F,110302986,35.13,ERS248766,13.55,-15.9,adx
AG0178-C,2676,GM,"Gambia, The",Njabakunda,Kerr Birom Kardo,Martin Donnelly,Martin Donnelly,2011,,F,97985126,31.05,ERS248772,13.55,-15.9,adx
AG0179-C,2677,GM,"Gambia, The",Njabakunda,Kerr Birom Kardo,Martin Donnelly,Martin Donnelly,2011,,F,109586036,34.91,ERS248773,13.55,-15.9,adx
AG0181-C,2679,GM,"Gambia, The",Njabakunda,Sare Illo Buya,Martin Donnelly,Martin Donnelly,2011,,F,114190006,24.03,ERS248775,13.55,-15.9,adx
AG0183-C,2681,GM,"Gambia, The",Njabakunda,Sare Illo Buya,Martin Donnelly,Martin Donnelly,2011,,F,104161250,31.81,ERS248777,13.55,-15.9,adx
AG0195-C,2693,GM,"Gambia, The",Njabakunda,Sare Illo Buya,Martin Donnelly,Martin Donnelly,2011,,F,85840156,26.27,ERS248789,13.55,-15.9,adx
AG0197-C,2695,GM,"Gambia, The",Njabakunda,Maria Samba Nyado,Martin Donnelly,Martin Donnelly,2011,,F,107865828,33.77,ERS248791,13.55,-15.9,adx
AG0202-C,2700,GM,"Gambia, The",Njabakunda,Maria Samba Nyado,Martin Donnelly,Martin Donnelly,2011,,F,121089526,37.47,ERS248796,13.55,-15.9,adx
AG0203-C,2701,GM,"Gambia, The",Njabakunda,Maria Samba Nyado,Martin Donnelly,Martin Donnelly,2011,,F,126233400,36.19,ERS248797,13.55,-15.9,adx
AG0204-C,2702,GM,"Gambia, The",Njabakunda,Maria Samba Nyado,Martin Donnelly,Martin Donnelly,2011,,F,116858066,36.06,ERS248798,13.55,-15.9,adx
AG0206-C,2704,GM,"Gambia, The",Njabakunda,Maria Samba Nyado,Martin Donnelly,Martin Donnelly,2011,,F,101367958,32.33,ERS248800,13.55,-15.9,adx
AG0208-C,2706,GM,"Gambia, The",Njabakunda,Maria Samba Nyado,Martin Donnelly,Martin Donnelly,2011,,F,104692934,33.13,ERS248802,13.55,-15.9,adx
AG0214-C,2712,GM,"Gambia, The",Njabakunda,Kerr Sama Kuma,Martin Donnelly,Martin Donnelly,2011,,F,114088166,28.97,ERS248808,13.55,-15.9,adx
AG0221-C,2719,GM,"Gambia, The",Njabakunda,Kerr Birom Kardo,Martin Donnelly,Martin Donnelly,2011,,F,105921032,28.85,ERS248815,13.55,-15.9,adx
AG0223-C,2721,GM,"Gambia, The",Njabakunda,Kerr Birom Kardo,Martin Donnelly,Martin Donnelly,2011,,F,106843346,33.97,ERS248817,13.55,-15.9,adx
AG0227-C,2725,GM,"Gambia, The",Njabakunda,Kerr Birom Kardo,Martin Donnelly,Martin Donnelly,2011,,F,103936788,31.28,ERS248821,13.55,-15.9,adx
AG0229-C,2758,GM,"Gambia, The",Njabakunda,Kerr Sama Kuma,Martin Donnelly,Martin Donnelly,2011,,F,94089364,30.21,ERS248823,13.55,-15.9,adx
AG0230-C,2759,GM,"Gambia, The",Njabakunda,Kerr Sama Kuma,Martin Donnelly,Martin Donnelly,2011,,F,102047324,33.44,ERS248824,13.55,-15.9,adx
AG0231-C,2760,GM,"Gambia, The",Njabakunda,Kerr Sama Kuma,Martin Donnelly,Martin Donnelly,2011,,F,98889216,32.5,ERS248825,13.55,-15.9,adx
AG0232-C,2761,GM,"Gambia, The",Njabakunda,Kerr Sama Kuma,Martin Donnelly,Martin Donnelly,2011,,F,99143756,32.68,ERS248826,13.55,-15.9,adx
AG0263-C,2792,GM,"Gambia, The",Njabakunda,Kerr Birom Kardo,Martin Donnelly,Martin Donnelly,2011,,F,111795630,35.58,ERS248857,13.55,-15.9,adx
AJ0023-C,BIS001,GW,Guinea-Bissau,Antula,Antula,Joao Pinto,Joao Pinto,2010,,F,94122512,29.99,ERS254334,11.890999999999998,-15582,adx
AJ0024-C,BIS002,GW,Guinea-Bissau,Antula,Antula,Joao Pinto,Joao Pinto,2010,,F,49406858,16.07,ERS254297,11.890999999999998,-15582,adx
AJ0028-C,BIS006,GW,Guinea-Bissau,Antula,Antula,Joao Pinto,Joao Pinto,2010,,F,97841208,28.77,ERS224812,11.890999999999998,-15582,adx
AJ0032-C,BIS010,GW,Guinea-Bissau,Antula,Antula,Joao Pinto,Joao Pinto,2010,,F,92499892,29.01,ERS254337,11.890999999999998,-15582,adx
AJ0035-C,BIS013,GW,Guinea-Bissau,Antula,Antula,Joao Pinto,Joao Pinto,2010,,F,93528702,29.47,ERS254348,11.890999999999998,-15582,adx
AJ0036-C,BIS014,GW,Guinea-Bissau,Antula,Antula,Joao Pinto,Joao Pinto,2010,,F,76265002,25.27,ERS254342,11.890999999999998,-15582,adx
AJ0037-C,BIS015,GW,Guinea-Bissau,Antula,Antula,Joao Pinto,Joao Pinto,2010,,F,83713156,27.07,ERS254344,11.890999999999998,-15582,adx
AJ0038-C,BIS016,GW,Guinea-Bissau,Antula,Antula,Joao Pinto,Joao Pinto,2010,,F,85304610,28.06,ERS224808,11.890999999999998,-15582,adx
AJ0039-C,BIS017,GW,Guinea-Bissau,Antula,Antula,Joao Pinto,Joao Pinto,2010,,F,78366758,24.72,ERS254356,11.890999999999998,-15582,adx
AJ0043-C,BIS021,GW,Guinea-Bissau,Antula,Antula,Joao Pinto,Joao Pinto,2010,,F,93811518,30.57,ERS254362,11.890999999999998,-15582,adx
AJ0044-C,BIS022,GW,Guinea-Bissau,Antula,Antula,Joao Pinto,Joao Pinto,2010,,F,73130604,24.41,ERS224800,11.890999999999998,-15582,adx
AJ0045-C,BIS023,GW,Guinea-Bissau,Antula,Antula,Joao Pinto,Joao Pinto,2010,,F,118278002,37.28,ERS224087,11.890999999999998,-15582,adx
AJ0047-C,BIS025,GW,Guinea-Bissau,Antula,Antula,Joao Pinto,Joao Pinto,2010,,F,72272916,22.96,ERS254358,11.890999999999998,-15582,adx
AJ0051-C,BIS029,GW,Guinea-Bissau,Antula,Antula,Joao Pinto,Joao Pinto,2010,,F,87695624,26.67,ERS254320,11.890999999999998,-15582,adx
AJ0052-C,BIS030,GW,Guinea-Bissau,Antula,Antula,Joao Pinto,Joao Pinto,2010,,F,89610342,30.08,ERS254314,11.890999999999998,-15582,adx
AJ0056-C,BIS034,GW,Guinea-Bissau,Antula,Antula,Joao Pinto,Joao Pinto,2010,,F,88798358,28.6,ERS254312,11.890999999999998,-15582,adx
AJ0059-C,BIS037,GW,Guinea-Bissau,Antula,Antula,Joao Pinto,Joao Pinto,2010,,F,99124976,32.02,ERS254321,11.890999999999998,-15582,adx
AJ0060-C,BIS038,GW,Guinea-Bissau,Antula,Antula,Joao Pinto,Joao Pinto,2010,,F,96741566,30.23,ERS224806,11.890999999999998,-15582,adx
AJ0061-C,BIS039,GW,Guinea-Bissau,Antula,Antula,Joao Pinto,Joao Pinto,2010,,F,80323372,25.53,ERS254310,11.890999999999998,-15582,adx
AJ0063-C,BIS041,GW,Guinea-Bissau,Antula,Antula,Joao Pinto,Joao Pinto,2010,,F,90771354,29.19,ERS254275,11.890999999999998,-15582,adx
AJ0064-C,BIS042,GW,Guinea-Bissau,Antula,Antula,Joao Pinto,Joao Pinto,2010,,F,104049374,32.42,ERS224813,11.890999999999998,-15582,adx
AJ0066-C,BIS044,GW,Guinea-Bissau,Antula,Antula,Joao Pinto,Joao Pinto,2010,,F,91264234,29.5,ERS224814,11.890999999999998,-15582,adx
AJ0068-C,BIS046,GW,Guinea-Bissau,Antula,Antula,Joao Pinto,Joao Pinto,2010,,F,86249854,26.48,ERS224801,11.890999999999998,-15582,adx
AJ0070-C,BIS048,GW,Guinea-Bissau,Antula,Antula,Joao Pinto,Joao Pinto,2010,,F,85669812,27.05,ERS224804,11.890999999999998,-15582,adx
AJ0071-C,BIS049,GW,Guinea-Bissau,Antula,Antula,Joao Pinto,Joao Pinto,2010,,F,118098254,37.3,ERS224332,11.890999999999998,-15582,adx
AJ0072-C,BIS050,GW,Guinea-Bissau,Antula,Antula,Joao Pinto,Joao Pinto,2010,,F,99731470,31.56,ERS254276,11.890999999999998,-15582,adx
AJ0074-C,BIS052,GW,Guinea-Bissau,Antula,Antula,Joao Pinto,Joao Pinto,2010,,F,93691662,28.73,ERS254277,11.890999999999998,-15582,adx
AJ0075-C,BIS053,GW,Guinea-Bissau,Antula,Antula,Joao Pinto,Joao Pinto,2010,,F,107820520,34.1,ERS224809,11.890999999999998,-15582,adx
AJ0076-C,BIS054,GW,Guinea-Bissau,Antula,Antula,Joao Pinto,Joao Pinto,2010,,F,111365470,34.69,ERS224284,11.890999999999998,-15582,adx
AJ0077-C,BIS055,GW,Guinea-Bissau,Antula,Antula,Joao Pinto,Joao Pinto,2010,,F,97904868,30.41,ERS254313,11.890999999999998,-15582,adx
AJ0078-C,BIS056,GW,Guinea-Bissau,Antula,Antula,Joao Pinto,Joao Pinto,2010,,F,91230496,29.89,ERS224204,11.890999999999998,-15582,adx
AJ0080-C,BIS058,GW,Guinea-Bissau,Antula,Antula,Joao Pinto,Joao Pinto,2010,,F,75200770,25.1,ERS224802,11.890999999999998,-15582,adx
AJ0081-C,BIS059,GW,Guinea-Bissau,Antula,Antula,Joao Pinto,Joao Pinto,2010,,F,89023286,27.39,ERS254271,11.890999999999998,-15582,adx
AJ0084-C,BIS062,GW,Guinea-Bissau,Antula,Antula,Joao Pinto,Joao Pinto,2010,,F,143605446,43.74,ERS254285,11.890999999999998,-15582,adx
AJ0085-C,BIS063,GW,Guinea-Bissau,Antula,Antula,Joao Pinto,Joao Pinto,2010,,F,300632488,90.49,ERS254298,11.890999999999998,-15582,adx
AJ0086-C,BIS064,GW,Guinea-Bissau,Antula,Antula,Joao Pinto,Joao Pinto,2010,,F,82006720,24.52,ERS254357,11.890999999999998,-15582,adx
AJ0087-C,BIS065,GW,Guinea-Bissau,Antula,Antula,Joao Pinto,Joao Pinto,2010,,F,151469916,47.87,ERS224810,11.890999999999998,-15582,adx
AJ0088-C,BIS066,GW,Guinea-Bissau,Antula,Antula,Joao Pinto,Joao Pinto,2010,,F,86678080,27.57,ERS254317,11.890999999999998,-15582,adx
AJ0090-C,BIS068,GW,Guinea-Bissau,Antula,Antula,Joao Pinto,Joao Pinto,2010,,F,89181652,29.27,ERS254361,11.890999999999998,-15582,adx
AJ0092-C,BIS070,GW,Guinea-Bissau,Antula,Antula,Joao Pinto,Joao Pinto,2010,,F,104531552,32.74,ERS224259,11.890999999999998,-15582,adx
AJ0093-C,BIS071,GW,Guinea-Bissau,Antula,Antula,Joao Pinto,Joao Pinto,2010,,F,101197890,31.04,ERS224803,11.890999999999998,-15582,adx
AJ0095-C,BIS073,GW,Guinea-Bissau,Antula,Antula,Joao Pinto,Joao Pinto,2010,,F,96398484,30.62,ERS224261,11.890999999999998,-15582,adx
AJ0096-C,BIS074,GW,Guinea-Bissau,Antula,Antula,Joao Pinto,Joao Pinto,2010,,F,105327954,34.22,ERS224313,11.890999999999998,-15582,adx
AJ0097-C,BIS075,GW,Guinea-Bissau,Antula,Antula,Joao Pinto,Joao Pinto,2010,,F,108050858,34.34,ERS224298,11.890999999999998,-15582,adx
AJ0098-C,BIS076,GW,Guinea-Bissau,Antula,Antula,Joao Pinto,Joao Pinto,2010,,F,106060436,33.91,ERS224312,11.890999999999998,-15582,adx
AJ0099-C,BIS077,GW,Guinea-Bissau,Antula,Antula,Joao Pinto,Joao Pinto,2010,,F,101898018,31.65,ERS224811,11.890999999999998,-15582,adx
AJ0100-C,BIS078,GW,Guinea-Bissau,Antula,Antula,Joao Pinto,Joao Pinto,2010,,F,102922278,33.3,ERS224272,11.890999999999998,-15582,adx
AJ0101-C,BIS079,GW,Guinea-Bissau,Antula,Antula,Joao Pinto,Joao Pinto,2010,,F,129263226,41.97,ERS224292,11.890999999999998,-15582,adx
AJ0102-C,BIS080,GW,Guinea-Bissau,Antula,Antula,Joao Pinto,Joao Pinto,2010,,F,107731926,34.58,ERS224322,11.890999999999998,-15582,adx
AJ0103-C,BIS081,GW,Guinea-Bissau,Antula,Antula,Joao Pinto,Joao Pinto,2010,,F,70440408,23.48,ERS254299,11.890999999999998,-15582,adx
AJ0105-C,BIS083,GW,Guinea-Bissau,Antula,Antula,Joao Pinto,Joao Pinto,2010,,F,105262734,34.37,ERS254286,11.890999999999998,-15582,adx
AJ0107-C,BIS085,GW,Guinea-Bissau,Antula,Antula,Joao Pinto,Joao Pinto,2010,,F,90221928,28.97,ERS224805,11.890999999999998,-15582,adx
AJ0109-C,BIS087,GW,Guinea-Bissau,Antula,Antula,Joao Pinto,Joao Pinto,2010,,F,93268838,30.08,ERS254347,11.890999999999998,-15582,adx
AJ0113-C,BIS091,GW,Guinea-Bissau,Antula,Antula,Joao Pinto,Joao Pinto,2010,,F,99765718,31.89,ERS224286,11.890999999999998,-15582,adx
AJ0115-C,BIS093,GW,Guinea-Bissau,Antula,Antula,Joao Pinto,Joao Pinto,2010,,F,89732774,29.1,ERS254333,11.890999999999998,-15582,adx
AJ0116-C,BIS094,GW,Guinea-Bissau,Antula,Antula,Joao Pinto,Joao Pinto,2010,,F,82547130,25.72,ERS224304,11.890999999999998,-15582,adx
AJ0117-C,BIS095,GW,Guinea-Bissau,Antula,Antula,Joao Pinto,Joao Pinto,2010,,F,122201388,36.93,ERS224817,11.890999999999998,-15582,adx
AJ0119-C,BIS097,GW,Guinea-Bissau,Antula,Antula,Joao Pinto,Joao Pinto,2010,,F,84655338,27.67,ERS224821,11.890999999999998,-15582,adx
AJ0128-C,10GBS_0607,GW,Guinea-Bissau,Safim,Safim,Joao Pinto,Joao Pinto,2010,,F,86938102,28.02,ERS312003,11.956889,-15.649222,adx
AJ0129-C,10GBS_0660,GW,Guinea-Bissau,Safim,Safim,Joao Pinto,Joao Pinto,2010,,F,95288922,29.15,ERS312006,11.956889,-15.649222,adx
AJ0130-C,10GBS_0662,GW,Guinea-Bissau,Safim,Safim,Joao Pinto,Joao Pinto,2010,,F,92842184,28.47,ERS312009,11.956889,-15.649222,adx
AJ0131-C,10GBS_0683,GW,Guinea-Bissau,Safim,Safim,Joao Pinto,Joao Pinto,2010,,F,93064982,29.56,ERS312012,11.956889,-15.649222,adx
AJ0132-C,10GBS_0695,GW,Guinea-Bissau,Safim,Safim,Joao Pinto,Joao Pinto,2010,,F,99846510,32.43,ERS311974,11.956889,-15.649222,adx
AJ0133-C,10GBS_0895,GW,Guinea-Bissau,Safim,Safim,Joao Pinto,Joao Pinto,2010,,F,100987924,32.45,ERS311978,11.956889,-15.649222,adx
AJ0134-C,10GBS_0902,GW,Guinea-Bissau,Safim,Safim,Joao Pinto,Joao Pinto,2010,,F,90174748,25.26,ERS311982,11.956889,-15.649222,adx
AJ0135-C,10GBS_0907,GW,Guinea-Bissau,Safim,Safim,Joao Pinto,Joao Pinto,2010,,F,104175322,32.82,ERS311986,11.956889,-15.649222,adx
AJ0136-C,10GBS_0912,GW,Guinea-Bissau,Safim,Safim,Joao Pinto,Joao Pinto,2010,,F,105983120,34.63,ERS311990,11.956889,-15.649222,adx
AJ0137-C,10GBS_0913,GW,Guinea-Bissau,Safim,Safim,Joao Pinto,Joao Pinto,2010,,F,101247066,32.97,ERS311994,11.956889,-15.649222,adx
AJ0138-C,10GBS_0915,GW,Guinea-Bissau,Safim,Safim,Joao Pinto,Joao Pinto,2010,,F,95242890,29.19,ERS311998,11.956889,-15.649222,adx
AJ0139-C,10GBS_0916,GW,Guinea-Bissau,Safim,Safim,Joao Pinto,Joao Pinto,2010,,F,99942748,25.74,ERS312001,11.956889,-15.649222,adx
AJ0140-C,10GBS_0920,GW,Guinea-Bissau,Safim,Safim,Joao Pinto,Joao Pinto,2010,,F,96766012,22.31,ERS312004,11.956889,-15.649222,adx
AJ0141-C,10GBS_0925,GW,Guinea-Bissau,Safim,Safim,Joao Pinto,Joao Pinto,2010,,F,87729624,28.18,ERS312007,11.956889,-15.649222,adx
AJ0142-C,10GBS_0928,GW,Guinea-Bissau,Safim,Safim,Joao Pinto,Joao Pinto,2010,,F,95002534,30.3,ERS312010,11.956889,-15.649222,adx
AJ0143-C,10GBS_0932,GW,Guinea-Bissau,Safim,Safim,Joao Pinto,Joao Pinto,2010,,F,89327702,27.98,ERS312013,11.956889,-15.649222,adx
AJ0144-C,10GBS_0946,GW,Guinea-Bissau,Safim,Safim,Joao Pinto,Joao Pinto,2010,,F,94077738,29.73,ERS311975,11.956889,-15.649222,adx
AJ0145-C,10GBS_1151,GW,Guinea-Bissau,Safim,Safim,Joao Pinto,Joao Pinto,2010,,F,97439836,28.42,ERS311979,11.956889,-15.649222,adx
AJ0146-C,10GBS_1156,GW,Guinea-Bissau,Safim,Safim,Joao Pinto,Joao Pinto,2010,,F,98654818,32.08,ERS311983,11.956889,-15.649222,adx
AJ0147-C,10GBS_1157,GW,Guinea-Bissau,Safim,Safim,Joao Pinto,Joao Pinto,2010,,F,136852296,43.69,ERS311987,11.956889,-15.649222,adx
AJ0148-C,10GBS_1166,GW,Guinea-Bissau,Safim,Safim,Joao Pinto,Joao Pinto,2010,,F,93967918,30.08,ERS311991,11.956889,-15.649222,adx
AJ0149-C,10GBS_1178,GW,Guinea-Bissau,Safim,Safim,Joao Pinto,Joao Pinto,2010,,F,96438028,31.06,ERS311995,11.956889,-15.649222,adx
AJ0150-C,10GBS_1181,GW,Guinea-Bissau,Safim,Safim,Joao Pinto,Joao Pinto,2010,,F,100192758,32.49,ERS311999,11.956889,-15.649222,adx
AJ0151-C,10GBS_1189,GW,Guinea-Bissau,Safim,Safim,Joao Pinto,Joao Pinto,2010,,F,88199210,28.8,ERS312002,11.956889,-15.649222,adx
AJ0152-C,10GBS_1199,GW,Guinea-Bissau,Safim,Safim,Joao Pinto,Joao Pinto,2010,,F,100313968,32.87,ERS312005,11.956889,-15.649222,adx
AJ0153-C,10GBS_1201,GW,Guinea-Bissau,Safim,Safim,Joao Pinto,Joao Pinto,2010,,F,97175478,32.04,ERS312008,11.956889,-15.649222,adx
AJ0154-C,10GBS_1208,GW,Guinea-Bissau,Safim,Safim,Joao Pinto,Joao Pinto,2010,,F,100135844,31.15,ERS312011,11.956889,-15.649222,adx
AJ0155-C,10GBS_1212,GW,Guinea-Bissau,Safim,Safim,Joao Pinto,Joao Pinto,2010,,F,101685496,33.04,ERS312014,11.956889,-15.649222,adx
AJ0156-C,10GBS_1214,GW,Guinea-Bissau,Safim,Safim,Joao Pinto,Joao Pinto,2010,,F,84892268,27.73,ERS311976,11.956889,-15.649222,adx
AJ0157-C,10GBS_1215,GW,Guinea-Bissau,Safim,Safim,Joao Pinto,Joao Pinto,2010,,F,104655500,33.07,ERS311980,11.956889,-15.649222,adx
AJ0158-C,10GBS_1221,GW,Guinea-Bissau,Safim,Safim,Joao Pinto,Joao Pinto,2010,,F,92215008,30.31,ERS311984,11.956889,-15.649222,adx
AJ0159-C,10GBS_1229,GW,Guinea-Bissau,Safim,Safim,Joao Pinto,Joao Pinto,2010,,F,97091684,30.59,ERS311988,11.956889,-15.649222,adx
AJ0161-C,10GBS_1237,GW,Guinea-Bissau,Safim,Safim,Joao Pinto,Joao Pinto,2010,,F,89263180,29.17,ERS311996,11.956889,-15.649222,adx
AV0001-C,KB001,GNgam,Guinea,Koraboh,Koraboh,Kenneth Vernick,"Michelle Riehle, Karin Eiglmeier",2012,S,F,101188184,32.05,ERS224851,9.25,-9917,gam
AV0002-C,KB002,GNgam,Guinea,Koraboh,Koraboh,Kenneth Vernick,"Michelle Riehle, Karin Eiglmeier",2012,S,F,84291044,28.08,ERS224584,9.25,-9917,gam
AV0003-C,KB003,GNgam,Guinea,Koraboh,Koraboh,Kenneth Vernick,"Michelle Riehle, Karin Eiglmeier",2012,S,F,93939098,29.99,ERS224640,9.25,-9917,gam
AV0004-C,KB008,GNgam,Guinea,Koraboh,Koraboh,Kenneth Vernick,"Michelle Riehle, Karin Eiglmeier",2012,S,F,125181816,40.42,ERS224852,9.25,-9917,gam
AV0005-C,KB010,GNgam,Guinea,Koraboh,Koraboh,Kenneth Vernick,"Michelle Riehle, Karin Eiglmeier",2012,S,F,106810266,35.11,ERS224617,9.25,-9917,gam
AV0006-C,KB016,GNgam,Guinea,Koraboh,Koraboh,Kenneth Vernick,"Michelle Riehle, Karin Eiglmeier",2012,S,F,78184140,25.71,ERS224396,9.25,-9917,gam
AV0007-C,KB041,GNgam,Guinea,Koraboh,Koraboh,Kenneth Vernick,"Michelle Riehle, Karin Eiglmeier",2012,M/S,F,86368656,28.76,ERS224551,9.25,-9917,gam
AV0008-C,KB051,GNgam,Guinea,Koraboh,Koraboh,Kenneth Vernick,"Michelle Riehle, Karin Eiglmeier",2012,S,F,78490032,25.58,ERS224513,9.25,-9917,gam
AV0009-C,KB054,GNgam,Guinea,Koraboh,Koraboh,Kenneth Vernick,"Michelle Riehle, Karin Eiglmeier",2012,S,F,56202882,17.71,ERS224858,9.25,-9917,gam
AV0010-C,KB057,GNgam,Guinea,Koraboh,Koraboh,Kenneth Vernick,"Michelle Riehle, Karin Eiglmeier",2012,S,F,79091970,25.8,ERS224532,9.25,-9917,gam
AV0011-C,KB058,GNgam,Guinea,Koraboh,Koraboh,Kenneth Vernick,"Michelle Riehle, Karin Eiglmeier",2012,S,F,104373604,32.49,ERS224630,9.25,-9917,gam
AV0012-C,KB066,GNgam,Guinea,Koraboh,Koraboh,Kenneth Vernick,"Michelle Riehle, Karin Eiglmeier",2012,S,F,85020456,26.79,ERS224567,9.25,-9917,gam
AV0013-C,KB081,GNgam,Guinea,Koraboh,Koraboh,Kenneth Vernick,"Michelle Riehle, Karin Eiglmeier",2012,S,F,98058596,32.37,ERS224614,9.25,-9917,gam
AV0014-C,KB088,GNgam,Guinea,Koraboh,Koraboh,Kenneth Vernick,"Michelle Riehle, Karin Eiglmeier",2012,S,F,91649964,29.9,ERS224604,9.25,-9917,gam
AV0015-C,KB089,GNgam,Guinea,Koraboh,Koraboh,Kenneth Vernick,"Michelle Riehle, Karin Eiglmeier",2012,S,F,82193836,27.5,ERS224530,9.25,-9917,gam
AV0017-C,KB110,GNgam,Guinea,Koraboh,Koraboh,Kenneth Vernick,"Michelle Riehle, Karin Eiglmeier",2012,S,F,98935872,32.51,ERS224854,9.25,-9917,gam
AV0018-C,KB111,GNgam,Guinea,Koraboh,Koraboh,Kenneth Vernick,"Michelle Riehle, Karin Eiglmeier",2012,S,F,88827510,28.99,ERS224648,9.25,-9917,gam
AV0020-C,KB118,GNgam,Guinea,Koraboh,Koraboh,Kenneth Vernick,"Michelle Riehle, Karin Eiglmeier",2012,S,F,100967380,30.85,ERS224857,9.25,-9917,gam
AV0021-C,KB124,GNgam,Guinea,Koraboh,Koraboh,Kenneth Vernick,"Michelle Riehle, Karin Eiglmeier",2012,S,F,102551920,31.73,ERS224859,9.25,-9917,gam
AV0022-C,KB128,GNgam,Guinea,Koraboh,Koraboh,Kenneth Vernick,"Michelle Riehle, Karin Eiglmeier",2012,S,F,94538392,29.47,ERS224862,9.25,-9917,gam
AV0024-C,KB162,GNgam,Guinea,Koraboh,Koraboh,Kenneth Vernick,"Michelle Riehle, Karin Eiglmeier",2012,S,F,83709538,26.72,ERS224575,9.25,-9917,gam
AV0025-C,KB281,GNgam,Guinea,Koraboh,Koraboh,Kenneth Vernick,"Michelle Riehle, Karin Eiglmeier",2012,S,F,39929964,13.21,ERS224440,9.25,-9917,gam
AV0026-C,KD005,GNgam,Guinea,Koundara,Koundara,Kenneth Vernick,"Michelle Riehle, Karin Eiglmeier",2012,S,F,65951602,21.24,ERS224500,8.5,-9417,gam
AV0027-C,KD029,GNgam,Guinea,Koundara,Koundara,Kenneth Vernick,"Michelle Riehle, Karin Eiglmeier",2012,S,F,113412324,36.71,ERS224636,8.5,-9417,gam
AV0028-C,KD034,GNgam,Guinea,Koundara,Koundara,Kenneth Vernick,"Michelle Riehle, Karin Eiglmeier",2012,S,F,111570568,36.44,ERS224853,8.5,-9417,gam
AV0029-C,KD044,GNgam,Guinea,Koundara,Koundara,Kenneth Vernick,"Michelle Riehle, Karin Eiglmeier",2012,S,F,94573532,30.73,ERS224606,8.5,-9417,gam
AV0030-C,KD104,GNgam,Guinea,Koundara,Koundara,Kenneth Vernick,"Michelle Riehle, Karin Eiglmeier",2012,S,F,69197558,23.36,ERS224856,8.5,-9417,gam
AV0031-C,KD105,GNgam,Guinea,Koundara,Koundara,Kenneth Vernick,"Michelle Riehle, Karin Eiglmeier",2012,S,F,77685852,25.23,ERS224583,8.5,-9417,gam
AV0032-C,KD130,GNgam,Guinea,Koundara,Koundara,Kenneth Vernick,"Michelle Riehle, Karin Eiglmeier",2012,S,F,97340194,32.95,ERS224543,8.5,-9417,gam
AV0033-C,KD148,GNgam,Guinea,Koundara,Koundara,Kenneth Vernick,"Michelle Riehle, Karin Eiglmeier",2012,S,F,158060590,50.25,ERS224860,8.5,-9417,gam
AV0034-C,KD156,GNgam,Guinea,Koundara,Koundara,Kenneth Vernick,"Michelle Riehle, Karin Eiglmeier",2012,S,F,92118696,27.32,ERS224623,8.5,-9417,gam
AV0035-C,KD159,GNgam,Guinea,Koundara,Koundara,Kenneth Vernick,"Michelle Riehle, Karin Eiglmeier",2012,S,F,85890610,26.81,ERS224559,8.5,-9417,gam
AV0036-C,KD170,GNgam,Guinea,Koundara,Koundara,Kenneth Vernick,"Michelle Riehle, Karin Eiglmeier",2012,S,F,49948500,16.33,ERS224431,8.5,-9417,gam
AV0037-C,KD177,GNgam,Guinea,Koundara,Koundara,Kenneth Vernick,"Michelle Riehle, Karin Eiglmeier",2012,S,F,61275102,19.84,ERS224470,8.5,-9417,gam
AV0038-C,KD246,GNcol,Guinea,Koundara,Koundara,Kenneth Vernick,"Michelle Riehle, Karin Eiglmeier",2012,M,F,98739380,30.87,ERS224602,8.5,-9417,col
AV0039-C,KD248,GNgam,Guinea,Koundara,Koundara,Kenneth Vernick,"Michelle Riehle, Karin Eiglmeier",2012,S,F,113999470,33.83,ERS224665,8.5,-9417,gam
AV0040-C,KD255,GNcol,Guinea,Koundara,Koundara,Kenneth Vernick,"Michelle Riehle, Karin Eiglmeier",2012,M,F,116667822,35.42,ERS224634,8.5,-9417,col
AV0041-C,KD264,GNgam,Guinea,Koundara,Koundara,Kenneth Vernick,"Michelle Riehle, Karin Eiglmeier",2012,S,F,83840132,25.99,ERS224855,8.5,-9417,gam
AV0042-C,KD277,GNcol,Guinea,Koundara,Koundara,Kenneth Vernick,"Michelle Riehle, Karin Eiglmeier",2012,M,F,116397790,35.68,ERS224593,8.5,-9417,col
AV0043-C,KD306,GNgam,Guinea,Koundara,Koundara,Kenneth Vernick,"Michelle Riehle, Karin Eiglmeier",2012,S,F,36846414,12.06,ERS224427,8.5,-9417,gam
AV0044-C,KD309,GNgam,Guinea,Koundara,Koundara,Kenneth Vernick,"Michelle Riehle, Karin Eiglmeier",2012,S,F,108387868,31.85,ERS224653,8.5,-9417,gam
AV0045-C,KD339,GNgam,Guinea,Koundara,Koundara,Kenneth Vernick,"Michelle Riehle, Karin Eiglmeier",2012,S,F,98115760,30.8,ERS224861,8.5,-9417,gam
AV0046-C,KD353,GNcol,Guinea,Koundara,Koundara,Kenneth Vernick,"Michelle Riehle, Karin Eiglmeier",2012,M,F,68296222,21.57,ERS224863,8.5,-9417,col
AV0047-C,KD363,GNgam,Guinea,Koundara,Koundara,Kenneth Vernick,"Michelle Riehle, Karin Eiglmeier",2012,S,F,103391134,30.94,ERS224657,8.5,-9417,gam
AY0006-C,Tia_dPM_8,CIcol,Cote d'Ivoire,Tiassale,Tiassale,David Weetman,David Weetman,2012,M,F,92062494,29.87,ERS311783,5.89839,-4.82293,col
AY0007-C,Tia_dPM_16,CIcol,Cote d'Ivoire,Tiassale,Tiassale,David Weetman,David Weetman,2012,M,F,99436108,30.92,ERS311791,5.89839,-4.82293,col
AY0010-C,Tia_dPM_38,CIcol,Cote d'Ivoire,Tiassale,Tiassale,David Weetman,David Weetman,2012,M,F,102737152,32.7,ERS311815,5.89839,-4.82293,col
AY0011-C,Tia_dPM_44,CIcol,Cote d'Ivoire,Tiassale,Tiassale,David Weetman,David Weetman,2012,M,F,97128450,31.25,ERS311823,5.89839,-4.82293,col
AY0012-C,Tia_dPM_51,CIcol,Cote d'Ivoire,Tiassale,Tiassale,David Weetman,David Weetman,2012,M,F,98242336,31.81,ERS311831,5.89839,-4.82293,col
AY0013-C,Tia_aPM_3,CIcol,Cote d'Ivoire,Tiassale,Tiassale,David Weetman,David Weetman,2012,M,F,98003590,31.85,ERS311839,5.89839,-4.82293,col
AY0015-C,Tia_aPM_41,CIcol,Cote d'Ivoire,Tiassale,Tiassale,David Weetman,David Weetman,2012,M,F,103202350,33.22,ERS311855,5.89839,-4.82293,col
AY0016-C,Tia_aPM_32,CIcol,Cote d'Ivoire,Tiassale,Tiassale,David Weetman,David Weetman,2012,M,F,91838414,29.89,ERS311863,5.89839,-4.82293,col
AY0017-C,Tia_dPM_7,CIcol,Cote d'Ivoire,Tiassale,Tiassale,David Weetman,David Weetman,2012,M,F,84527184,26.86,ERS311784,5.89839,-4.82293,col
AY0018-C,Tia_dPM_14,CIcol,Cote d'Ivoire,Tiassale,Tiassale,David Weetman,David Weetman,2012,M,F,97381778,31.07,ERS311792,5.89839,-4.82293,col
AY0019-C,Tia_dPM_22,CIcol,Cote d'Ivoire,Tiassale,Tiassale,David Weetman,David Weetman,2012,M,F,101186020,32.56,ERS311800,5.89839,-4.82293,col
AY0020-C,Tia_dPM_29,CIcol,Cote d'Ivoire,Tiassale,Tiassale,David Weetman,David Weetman,2012,M,F,96583056,30.66,ERS311808,5.89839,-4.82293,col
AY0021-C,Tia_dPM_37,CIcol,Cote d'Ivoire,Tiassale,Tiassale,David Weetman,David Weetman,2012,M,F,100727656,31.83,ERS311816,5.89839,-4.82293,col
AY0023-C,Tia_dPM_50,CIcol,Cote d'Ivoire,Tiassale,Tiassale,David Weetman,David Weetman,2012,M,F,84685562,27.47,ERS311832,5.89839,-4.82293,col
AY0024-C,Tia_aPM_1,CIcol,Cote d'Ivoire,Tiassale,Tiassale,David Weetman,David Weetman,2012,M,F,98105946,31.7,ERS311840,5.89839,-4.82293,col
AY0025-C,Tia_aPM_11,CIcol,Cote d'Ivoire,Tiassale,Tiassale,David Weetman,David Weetman,2012,M,F,95844526,29.28,ERS311848,5.89839,-4.82293,col
AY0026-C,Tia_aPM_28,CIcol,Cote d'Ivoire,Tiassale,Tiassale,David Weetman,David Weetman,2012,M,F,103231242,32.84,ERS311856,5.89839,-4.82293,col
AY0027-C,Tia_aPM_38,CIcol,Cote d'Ivoire,Tiassale,Tiassale,David Weetman,David Weetman,2012,M,F,82339458,26.58,ERS311864,5.89839,-4.82293,col
AY0029-C,Tia_dPM_13,CIcol,Cote d'Ivoire,Tiassale,Tiassale,David Weetman,David Weetman,2012,M,F,90200192,29.58,ERS311793,5.89839,-4.82293,col
AY0031-C,Tia_dPM_28,CIcol,Cote d'Ivoire,Tiassale,Tiassale,David Weetman,David Weetman,2012,M,F,95863132,30.64,ERS311809,5.89839,-4.82293,col
AY0032-C,Tia_dPM_36,CIcol,Cote d'Ivoire,Tiassale,Tiassale,David Weetman,David Weetman,2012,M,F,94713402,23.61,ERS311817,5.89839,-4.82293,col
AY0033-C,Tia_dPM_42,CIcol,Cote d'Ivoire,Tiassale,Tiassale,David Weetman,David Weetman,2012,M,F,85830480,27.43,ERS311825,5.89839,-4.82293,col
AY0034-C,Tia_dPM_49,CIcol,Cote d'Ivoire,Tiassale,Tiassale,David Weetman,David Weetman,2012,M,F,116205506,35.33,ERS311833,5.89839,-4.82293,col
AY0035-C,Tia_aPM_19,CIcol,Cote d'Ivoire,Tiassale,Tiassale,David Weetman,David Weetman,2012,M,F,104217532,32.74,ERS311841,5.89839,-4.82293,col
AY0036-C,Tia_aPM_10,CIcol,Cote d'Ivoire,Tiassale,Tiassale,David Weetman,David Weetman,2012,M,F,94093842,30.67,ERS311849,5.89839,-4.82293,col
AY0038-C,Tia_aPM_31,CIcol,Cote d'Ivoire,Tiassale,Tiassale,David Weetman,David Weetman,2012,M,F,95817080,30.66,ERS311865,5.89839,-4.82293,col
AY0039-C,Tia_dPM_5,CIcol,Cote d'Ivoire,Tiassale,Tiassale,David Weetman,David Weetman,2012,M,F,98078776,31.16,ERS311786,5.89839,-4.82293,col
AY0040-C,Tia_dPM_12,CIcol,Cote d'Ivoire,Tiassale,Tiassale,David Weetman,David Weetman,2012,M,F,88561576,28.52,ERS311794,5.89839,-4.82293,col
AY0041-C,Tia_dPM_20,CIcol,Cote d'Ivoire,Tiassale,Tiassale,David Weetman,David Weetman,2012,M,F,97478592,30.41,ERS311802,5.89839,-4.82293,col
AY0042-C,Tia_dPM_27,CIcol,Cote d'Ivoire,Tiassale,Tiassale,David Weetman,David Weetman,2012,M,F,100457110,22.44,ERS311810,5.89839,-4.82293,col
AY0043-C,Tia_dPM_34,CIcol,Cote d'Ivoire,Tiassale,Tiassale,David Weetman,David Weetman,2012,M,F,96254120,30.48,ERS311818,5.89839,-4.82293,col
AY0045-C,Tia_aPM_9,CIcol,Cote d'Ivoire,Tiassale,Tiassale,David Weetman,David Weetman,2012,M,F,97984630,30.7,ERS311834,5.89839,-4.82293,col
AY0046-C,Tia_aPM_18,CIcol,Cote d'Ivoire,Tiassale,Tiassale,David Weetman,David Weetman,2012,M,F,98508496,30.68,ERS311842,5.89839,-4.82293,col
AY0047-C,Tia_aPM_26,CIcol,Cote d'Ivoire,Tiassale,Tiassale,David Weetman,David Weetman,2012,M,F,93060924,29.82,ERS311850,5.89839,-4.82293,col
AY0048-C,Tia_aPM_27,CIcol,Cote d'Ivoire,Tiassale,Tiassale,David Weetman,David Weetman,2012,M,F,105286960,33.55,ERS311858,5.89839,-4.82293,col
AY0049-C,Tia_aPM_40,CIcol,Cote d'Ivoire,Tiassale,Tiassale,David Weetman,David Weetman,2012,M,F,98657368,31.78,ERS311866,5.89839,-4.82293,col
AY0050-C,Tia_dPM_4,CIcol,Cote d'Ivoire,Tiassale,Tiassale,David Weetman,David Weetman,2012,M,F,85438810,27.89,ERS311787,5.89839,-4.82293,col
AY0052-C,Tia_dPM_19,CIcol,Cote d'Ivoire,Tiassale,Tiassale,David Weetman,David Weetman,2012,M,F,89086424,27.58,ERS311803,5.89839,-4.82293,col
AY0053-C,Tia_dPM_26,CIcol,Cote d'Ivoire,Tiassale,Tiassale,David Weetman,David Weetman,2012,M,F,93312306,30.81,ERS311811,5.89839,-4.82293,col
AY0054-C,Tia_dPM_33,CIcol,Cote d'Ivoire,Tiassale,Tiassale,David Weetman,David Weetman,2012,M,F,99723442,32.1,ERS311819,5.89839,-4.82293,col
AY0055-C,Tia_dPM_55,CIcol,Cote d'Ivoire,Tiassale,Tiassale,David Weetman,David Weetman,2012,M,F,112393152,37.35,ERS311827,5.89839,-4.82293,col
AY0056-C,Tia_aPM_8,CIcol,Cote d'Ivoire,Tiassale,Tiassale,David Weetman,David Weetman,2012,M,F,105331900,34.18,ERS311835,5.89839,-4.82293,col
AY0057-C,Tia_aPM_17,CIcol,Cote d'Ivoire,Tiassale,Tiassale,David Weetman,David Weetman,2012,M,F,103424408,33.33,ERS311843,5.89839,-4.82293,col
AY0058-C,Tia_aPM_25,CIcol,Cote d'Ivoire,Tiassale,Tiassale,David Weetman,David Weetman,2012,M,F,94239280,29.54,ERS311851,5.89839,-4.82293,col
AY0059-C,Tia_aPM_36,CIcol,Cote d'Ivoire,Tiassale,Tiassale,David Weetman,David Weetman,2012,M,F,90387728,27.93,ERS311859,5.89839,-4.82293,col
AY0060-C,Tia_aPM_30,CIcol,Cote d'Ivoire,Tiassale,Tiassale,David Weetman,David Weetman,2012,M,F,95129228,31.05,ERS311867,5.89839,-4.82293,col
AY0061-C,Tia_dPM_3,CIcol,Cote d'Ivoire,Tiassale,Tiassale,David Weetman,David Weetman,2012,M,F,93685638,29.54,ERS311788,5.89839,-4.82293,col
AY0062-C,Tia_dPM_10,CIcol,Cote d'Ivoire,Tiassale,Tiassale,David Weetman,David Weetman,2012,M,F,102271052,31.96,ERS311796,5.89839,-4.82293,col
AY0063-C,Tia_dPM_18,CIcol,Cote d'Ivoire,Tiassale,Tiassale,David Weetman,David Weetman,2012,M,F,95855540,29.92,ERS311804,5.89839,-4.82293,col
AY0064-C,Tia_dPM_25,CIcol,Cote d'Ivoire,Tiassale,Tiassale,David Weetman,David Weetman,2012,M,F,93234608,30.11,ERS311812,5.89839,-4.82293,col
AY0065-C,Tia_dPM_48,CIcol,Cote d'Ivoire,Tiassale,Tiassale,David Weetman,David Weetman,2012,M,F,99574902,30.24,ERS311820,5.89839,-4.82293,col
AY0066-C,Tia_dPM_54,CIcol,Cote d'Ivoire,Tiassale,Tiassale,David Weetman,David Weetman,2012,M,F,100712030,29.32,ERS311828,5.89839,-4.82293,col
AY0067-C,Tia_aPM_6,CIcol,Cote d'Ivoire,Tiassale,Tiassale,David Weetman,David Weetman,2012,M,F,96175126,30.9,ERS311836,5.89839,-4.82293,col
AY0068-C,Tia_aPM_15,CIcol,Cote d'Ivoire,Tiassale,Tiassale,David Weetman,David Weetman,2012,M,F,95617762,30.58,ERS311844,5.89839,-4.82293,col
AY0069-C,Tia_aPM_24,CIcol,Cote d'Ivoire,Tiassale,Tiassale,David Weetman,David Weetman,2012,M,F,99354268,32.02,ERS311852,5.89839,-4.82293,col
AY0070-C,Tia_aPM_35,CIcol,Cote d'Ivoire,Tiassale,Tiassale,David Weetman,David Weetman,2012,M,F,92689602,30.4,ERS311860,5.89839,-4.82293,col
AY0072-C,Tia_dPM_2,CIcol,Cote d'Ivoire,Tiassale,Tiassale,David Weetman,David Weetman,2012,M,F,98344274,32.24,ERS311789,5.89839,-4.82293,col
AY0074-C,Tia_dPM_17,CIcol,Cote d'Ivoire,Tiassale,Tiassale,David Weetman,David Weetman,2012,M,F,100923050,33.28,ERS311805,5.89839,-4.82293,col
AY0076-C,Tia_dPM_47,CIcol,Cote d'Ivoire,Tiassale,Tiassale,David Weetman,David Weetman,2012,M,F,89669580,27.58,ERS311821,5.89839,-4.82293,col
AY0077-C,Tia_dPM_53,CIcol,Cote d'Ivoire,Tiassale,Tiassale,David Weetman,David Weetman,2012,M,F,99024338,31.01,ERS311829,5.89839,-4.82293,col
AY0078-C,Tia_aPM_5,CIcol,Cote d'Ivoire,Tiassale,Tiassale,David Weetman,David Weetman,2012,M,F,101034336,32.38,ERS311837,5.89839,-4.82293,col
AY0079-C,Tia_aPM_14,CIcol,Cote d'Ivoire,Tiassale,Tiassale,David Weetman,David Weetman,2012,M,F,98759958,32.04,ERS311845,5.89839,-4.82293,col
AY0080-C,Tia_aPM_23,CIcol,Cote d'Ivoire,Tiassale,Tiassale,David Weetman,David Weetman,2012,M,F,97640586,31.29,ERS311853,5.89839,-4.82293,col
AY0082-C,Tia_aPM_29,CIcol,Cote d'Ivoire,Tiassale,Tiassale,David Weetman,David Weetman,2012,M,F,98382152,31.22,ERS311869,5.89839,-4.82293,col
AY0083-C,Tia_dPM_1,CIcol,Cote d'Ivoire,Tiassale,Tiassale,David Weetman,David Weetman,2012,M,F,93259480,30.57,ERS311790,5.89839,-4.82293,col
AY0085-C,Tia_dPM_31,CIcol,Cote d'Ivoire,Tiassale,Tiassale,David Weetman,David Weetman,2012,M,F,109173728,33.36,ERS311806,5.89839,-4.82293,col
AY0087-C,Tia_dPM_46,CIcol,Cote d'Ivoire,Tiassale,Tiassale,David Weetman,David Weetman,2012,M,F,101458232,32.56,ERS311822,5.89839,-4.82293,col
AY0088-C,Tia_dPM_52,CIcol,Cote d'Ivoire,Tiassale,Tiassale,David Weetman,David Weetman,2012,M,F,95140584,30.75,ERS311830,5.89839,-4.82293,col
AY0089-C,Tia_aPM_4,CIcol,Cote d'Ivoire,Tiassale,Tiassale,David Weetman,David Weetman,2012,M,F,92383724,29.04,ERS311838,5.89839,-4.82293,col
AY0090-C,Tia_aPM_13,CIcol,Cote d'Ivoire,Tiassale,Tiassale,David Weetman,David Weetman,2012,M,F,96210618,30.94,ERS311846,5.89839,-4.82293,col
AY0091-C,Tia_aPM_37,CIcol,Cote d'Ivoire,Tiassale,Tiassale,David Weetman,David Weetman,2012,M,F,95973872,31.3,ERS311854,5.89839,-4.82293,col
